image,group,split
BEANS/BEANS0000.png,0,train
BEANS/BEANS0001.png,1,train
BEANS/BEANS0002.png,2,train
BEANS/BEANS0003.png,3,train
BEANS/BEANS0004.png,4,train
BEANS/BEANS0005.png,5,train
BEANS/BEANS0006.png,2,train
BEANS/BEANS0007.png,6,train
BEANS/BEANS0008.png,7,train
BEANS/BEANS0009.png,8,train
BEANS/BEANS0010.png,9,train
BEANS/BEANS0011.png,10,train
BEANS/BEANS0012.png,11,val
BEANS/BEANS0013.png,12,val
BEANS/BEANS0014.png,13,val
BEANS/BEANS0015.png,14,val
BEANS/BEANS0016.png,15,train
BEANS/BEANS0017.png,16,val
BEANS/BEANS0018.png,17,test
BEANS/BEANS0019.png,18,train
BEANS/BEANS0020.png,18,train
BEANS/BEANS0021.png,18,train
BEANS/BEANS0022.png,19,test
BEANS/BEANS0023.png,19,test
BEANS/BEANS0024.png,20,train
BEANS/BEANS0025.png,21,train
BEANS/BEANS0026.png,22,train
BEANS/BEANS0027.png,23,test
BEANS/BEANS0028.png,24,test
BEANS/BEANS0029.png,25,train
BEANS/BEANS0030.png,24,test
BEANS/BEANS0031.png,24,test
BEANS/BEANS0032.png,26,train
BEANS/BEANS0033.png,27,train
BEANS/BEANS0034.png,28,val
BEANS/BEANS0035.png,29,val
BEANS/BEANS0036.png,30,train
BEANS/BEANS0037.png,31,test
BEANS/BEANS0038.png,4,train
BEANS/BEANS0039.png,4,train
BEANS/BEANS0040.png,32,train
BEANS/BEANS0041.png,32,train
BEANS/BEANS0042.png,33,train
BEANS/BEANS0043.png,34,train
BEANS/BEANS0044.png,35,train
BEANS/BEANS0045.png,35,train
BEANS/BEANS0046.png,35,train
BEANS/BEANS0047.png,36,train
BEANS/BEANS0048.png,36,train
BEANS/BEANS0049.png,36,train
BEANS/BEANS0050.png,37,test
BEANS/BEANS0051.png,37,test
BEANS/BEANS0052.png,37,test
BEANS/BEANS0053.png,18,train
BEANS/BEANS0054.png,38,test
BEANS/BEANS0055.png,39,test
BEANS/BEANS0056.png,40,train
BEANS/BEANS0057.png,40,train
BEANS/BEANS0058.png,40,train
BEANS/BEANS0059.png,41,test
BEANS/BEANS0060.png,42,train
BEANS/BEANS0061.png,43,train
BEANS/BEANS0062.png,43,train
BEANS/BEANS0063.png,44,train
BEANS/BEANS0064.png,44,train
BEANS/BEANS0065.png,45,val
BEANS/BEANS0066.png,46,val
BEANS/BEANS0067.png,46,val
BEANS/BEANS0068.png,46,val
BEANS/BEANS0069.png,47,train
BEANS/BEANS0070.png,48,test
BEANS/BEANS0071.png,49,train
BEANS/BEANS0072.png,49,train
BEANS/BEANS0073.png,50,val
BEANS/BEANS0074.png,50,val
BEANS/BEANS0075.png,51,train
BEANS/BEANS0076.png,51,train
BEANS/BEANS0077.png,51,train
BEANS/BEANS0078.png,51,train
BEANS/BEANS0079.png,52,train
BEANS/BEANS0080.png,53,val
BEANS/BEANS0081.png,50,val
BEANS/BEANS0082.png,4,train
BEANS/BEANS0083.png,4,train
BEANS/BEANS0084.png,4,train
BEANS/BEANS0085.png,4,train
BEANS/BEANS0086.png,4,train
BEANS/BEANS0087.png,4,train
BEANS/BEANS0088.png,4,train
BEANS/BEANS0089.png,4,train
BEANS/BEANS0090.png,54,val
BEANS/BEANS0091.png,4,train
BEANS/BEANS0092.png,4,train
BEANS/BEANS0093.png,55,train
BEANS/BEANS0094.png,56,val
BEANS/BEANS0095.png,55,train
BEANS/BEANS0096.png,55,train
BEANS/BEANS0097.png,57,train
BEANS/BEANS0098.png,58,val
BEANS/BEANS0099.png,59,train
BEANS/BEANS0100.png,60,val
BEANS/BEANS0101.png,61,train
BEANS/BEANS0102.png,62,train
BEANS/BEANS0103.png,63,train
BEANS/BEANS0104.png,64,train
BEANS/BEANS0105.png,64,train
BEANS/BEANS0106.png,65,train
BEANS/BEANS0107.png,66,train
BEANS/BEANS0108.png,65,train
BEANS/BEANS0109.png,65,train
BEANS/BEANS0110.png,67,test
BEANS/BEANS0111.png,68,train
BEANS/BEANS0112.png,69,test
BEANS/BEANS0113.png,70,train
BEANS/BEANS0114.png,70,train
BEANS/BEANS0115.png,70,train
BEANS/BEANS0116.png,4,train
BEANS/BEANS0117.png,4,train
BEANS/BEANS0118.png,4,train
BEANS/BEANS0119.png,4,train
BEANS/BEANS0120.png,71,train
BEANS/BEANS0121.png,72,train
BEANS/BEANS0122.png,73,train
BEANS/BEANS0123.png,74,test
BEANS/BEANS0124.png,75,test
BEANS/BEANS0125.png,76,train
BEANS/BEANS0126.png,77,train
BEANS/BEANS0127.png,78,train
BEANS/BEANS0128.png,79,val
BEANS/BEANS0129.png,80,train
BEANS/BEANS0130.png,2,train
BEANS/BEANS0131.png,81,test
BEANS/BEANS0132.png,82,test
BEANS/BEANS0133.png,83,train
BEANS/BEANS0134.png,84,train
BEANS/BEANS0135.png,85,val
CAKE/CAKE0000.png,86,train
CAKE/CAKE0001.png,87,train
CAKE/CAKE0002.png,88,val
CAKE/CAKE0003.png,89,train
CAKE/CAKE0004.png,90,train
CAKE/CAKE0005.png,91,train
CAKE/CAKE0006.png,92,test
CAKE/CAKE0007.png,93,train
CAKE/CAKE0008.png,94,train
CAKE/CAKE0009.png,95,train
CAKE/CAKE0010.png,96,test
CAKE/CAKE0011.png,97,test
CAKE/CAKE0012.png,98,train
CAKE/CAKE0013.png,99,train
CAKE/CAKE0014.png,100,train
CAKE/CAKE0015.png,101,train
CAKE/CAKE0016.png,102,train
CAKE/CAKE0017.png,103,train
CAKE/CAKE0018.png,96,test
CAKE/CAKE0019.png,104,test
CAKE/CAKE0020.png,105,val
CAKE/CAKE0021.png,105,val
CAKE/CAKE0022.png,106,train
CAKE/CAKE0023.png,91,train
CAKE/CAKE0024.png,107,train
CAKE/CAKE0025.png,108,train
CAKE/CAKE0026.png,105,val
CAKE/CAKE0027.png,91,train
CAKE/CAKE0028.png,97,test
CAKE/CAKE0029.png,109,test
CAKE/CAKE0030.png,110,train
CAKE/CAKE0031.png,94,train
CAKE/CAKE0032.png,111,train
CAKE/CAKE0033.png,112,train
CAKE/CAKE0034.png,113,test
CAKE/CAKE0035.png,114,train
CAKE/CAKE0036.png,115,val
CAKE/CAKE0037.png,116,train
CAKE/CAKE0038.png,114,train
CAKE/CAKE0039.png,117,test
CAKE/CAKE0040.png,118,train
CAKE/CAKE0041.png,116,train
CAKE/CAKE0042.png,119,train
CAKE/CAKE0043.png,120,train
CAKE/CAKE0044.png,121,val
CAKE/CAKE0045.png,116,train
CAKE/CAKE0046.png,122,test
CAKE/CAKE0047.png,123,test
CAKE/CAKE0048.png,96,test
CAKE/CAKE0049.png,121,val
CAKE/CAKE0050.png,94,train
CAKE/CAKE0051.png,124,train
CAKE/CAKE0052.png,100,train
CAKE/CAKE0053.png,125,test
CAKE/CAKE0054.png,126,train
CAKE/CAKE0055.png,116,train
CAKE/CAKE0056.png,124,train
CAKE/CAKE0057.png,127,val
CAKE/CAKE0058.png,128,train
CAKE/CAKE0059.png,129,train
CAKE/CAKE0060.png,112,train
CAKE/CAKE0061.png,130,train
CAKE/CAKE0062.png,124,train
CAKE/CAKE0063.png,105,val
CAKE/CAKE0064.png,95,train
CAKE/CAKE0065.png,131,train
CAKE/CAKE0066.png,132,train
CAKE/CAKE0067.png,118,train
CAKE/CAKE0068.png,133,test
CAKE/CAKE0069.png,99,train
CAKE/CAKE0070.png,90,train
CAKE/CAKE0071.png,118,train
CAKE/CAKE0072.png,134,train
CAKE/CAKE0073.png,135,train
CAKE/CAKE0074.png,136,train
CAKE/CAKE0075.png,137,test
CAKE/CAKE0076.png,105,val
CAKE/CAKE0077.png,104,test
CAKE/CAKE0078.png,105,val
CAKE/CAKE0079.png,138,train
CAKE/CAKE0080.png,118,train
CAKE/CAKE0081.png,105,val
CAKE/CAKE0082.png,125,test
CAKE/CAKE0083.png,139,train
CAKE/CAKE0084.png,118,train
CAKE/CAKE0085.png,98,train
CAKE/CAKE0086.png,118,train
CAKE/CAKE0087.png,105,val
CAKE/CAKE0088.png,140,test
CAKE/CAKE0089.png,124,train
CAKE/CAKE0090.png,141,train
CAKE/CAKE0091.png,142,train
CAKE/CAKE0092.png,143,train
CAKE/CAKE0093.png,144,train
CAKE/CAKE0094.png,145,val
CAKE/CAKE0095.png,146,train
CAKE/CAKE0096.png,147,val
CAKE/CAKE0097.png,148,test
CAKE/CAKE0098.png,149,train
CAKE/CAKE0099.png,90,train
CAKE/CAKE0100.png,146,train
CAKE/CAKE0101.png,124,train
CAKE/CAKE0102.png,95,train
CAKE/CAKE0103.png,150,train
CAKE/CAKE0104.png,116,train
CAKE/CAKE0105.png,116,train
CAKE/CAKE0106.png,151,train
CAKE/CAKE0107.png,152,train
CAKE/CAKE0108.png,98,train
CAKE/CAKE0109.png,98,train
CAKE/CAKE0110.png,134,train
CAKE/CAKE0111.png,88,val
CAKE/CAKE0112.png,100,train
CAKE/CAKE0113.png,153,train
CAKE/CAKE0114.png,154,train
CAKE/CAKE0115.png,116,train
CAKE/CAKE0116.png,116,train
CAKE/CAKE0117.png,105,val
CAKE/CAKE0118.png,111,train
CAKE/CAKE0119.png,122,test
CAKE/CAKE0120.png,122,test
CAKE/CAKE0121.png,121,val
CAKE/CAKE0122.png,121,val
CAKE/CAKE0123.png,121,val
CAKE/CAKE0124.png,137,test
CAKE/CAKE0125.png,155,train
CAKE/CAKE0126.png,155,train
CAKE/CAKE0127.png,90,train
CAKE/CAKE0128.png,90,train
CAKE/CAKE0129.png,90,train
CAKE/CAKE0130.png,90,train
CAKE/CAKE0131.png,156,train
CAKE/CAKE0132.png,156,train
CAKE/CAKE0133.png,156,train
CAKE/CAKE0134.png,156,train
CAKE/CAKE0135.png,156,train
CAKE/CAKE0136.png,105,val
CAKE/CAKE0137.png,105,val
CAKE/CAKE0138.png,105,val
CAKE/CAKE0139.png,105,val
CAKE/CAKE0140.png,105,val
CAKE/CAKE0141.png,157,train
CAKE/CAKE0142.png,157,train
CAKE/CAKE0143.png,157,train
CAKE/CAKE0144.png,158,train
CAKE/CAKE0145.png,159,train
CAKE/CAKE0146.png,124,train
CAKE/CAKE0147.png,124,train
CAKE/CAKE0148.png,125,test
CAKE/CAKE0149.png,125,test
CAKE/CAKE0150.png,95,train
CAKE/CAKE0151.png,124,train
CAKE/CAKE0152.png,124,train
CAKE/CAKE0153.png,160,train
CAKE/CAKE0154.png,160,train
CAKE/CAKE0155.png,161,train
CAKE/CAKE0156.png,162,train
CAKE/CAKE0157.png,163,train
CAKE/CAKE0158.png,163,train
CAKE/CAKE0159.png,164,train
CAKE/CAKE0160.png,163,train
CANDY/CANDY0000.png,165,train
CANDY/CANDY0001.png,166,train
CANDY/CANDY0002.png,167,val
CANDY/CANDY0003.png,168,train
CANDY/CANDY0004.png,169,train
CANDY/CANDY0005.png,170,train
CANDY/CANDY0006.png,171,test
CANDY/CANDY0007.png,172,train
CANDY/CANDY0008.png,173,train
CANDY/CANDY0009.png,174,train
CANDY/CANDY0010.png,175,val
CANDY/CANDY0011.png,176,val
CANDY/CANDY0012.png,177,train
CANDY/CANDY0013.png,178,train
CANDY/CANDY0014.png,179,train
CANDY/CANDY0015.png,180,train
CANDY/CANDY0016.png,181,train
CANDY/CANDY0017.png,182,train
CANDY/CANDY0018.png,183,train
CANDY/CANDY0019.png,184,train
CANDY/CANDY0020.png,185,test
CANDY/CANDY0021.png,186,val
CANDY/CANDY0022.png,187,test
CANDY/CANDY0023.png,188,train
CANDY/CANDY0024.png,189,test
CANDY/CANDY0025.png,190,train
CANDY/CANDY0026.png,191,val
CANDY/CANDY0027.png,192,train
CANDY/CANDY0028.png,193,train
CANDY/CANDY0029.png,194,train
CANDY/CANDY0030.png,195,train
CANDY/CANDY0031.png,196,train
CANDY/CANDY0032.png,196,train
CANDY/CANDY0033.png,197,train
CANDY/CANDY0034.png,198,val
CANDY/CANDY0035.png,199,val
CANDY/CANDY0036.png,200,train
CANDY/CANDY0037.png,201,train
CANDY/CANDY0038.png,202,test
CANDY/CANDY0039.png,203,train
CANDY/CANDY0040.png,204,val
CANDY/CANDY0041.png,205,train
CANDY/CANDY0042.png,206,train
CANDY/CANDY0043.png,206,train
CANDY/CANDY0044.png,207,train
CANDY/CANDY0045.png,208,test
CANDY/CANDY0046.png,209,train
CANDY/CANDY0047.png,210,train
CANDY/CANDY0048.png,211,test
CANDY/CANDY0049.png,212,val
CANDY/CANDY0050.png,213,train
CANDY/CANDY0051.png,214,test
CANDY/CANDY0052.png,215,train
CANDY/CANDY0053.png,216,train
CANDY/CANDY0054.png,217,train
CANDY/CANDY0055.png,218,train
CANDY/CANDY0056.png,219,val
CANDY/CANDY0057.png,220,train
CANDY/CANDY0058.png,221,test
CANDY/CANDY0059.png,222,train
CANDY/CANDY0060.png,223,test
CANDY/CANDY0061.png,224,train
CANDY/CANDY0062.png,225,val
CANDY/CANDY0063.png,224,train
CANDY/CANDY0064.png,226,train
CANDY/CANDY0065.png,227,train
CANDY/CANDY0066.png,228,test
CANDY/CANDY0067.png,229,train
CANDY/CANDY0068.png,230,train
CANDY/CANDY0069.png,231,train
CANDY/CANDY0070.png,232,test
CANDY/CANDY0071.png,233,train
CANDY/CANDY0072.png,234,train
CANDY/CANDY0073.png,235,train
CANDY/CANDY0074.png,236,val
CANDY/CANDY0075.png,237,train
CANDY/CANDY0076.png,238,train
CANDY/CANDY0077.png,238,train
CANDY/CANDY0078.png,238,train
CANDY/CANDY0079.png,239,train
CANDY/CANDY0080.png,240,train
CANDY/CANDY0081.png,241,train
CANDY/CANDY0082.png,242,test
CANDY/CANDY0083.png,243,train
CANDY/CANDY0084.png,244,train
CANDY/CANDY0085.png,245,train
CANDY/CANDY0086.png,246,val
CANDY/CANDY0087.png,247,train
CANDY/CANDY0088.png,248,test
CANDY/CANDY0089.png,249,train
CANDY/CANDY0090.png,250,train
CANDY/CANDY0091.png,251,train
CANDY/CANDY0092.png,252,test
CANDY/CANDY0093.png,253,train
CANDY/CANDY0094.png,254,test
CANDY/CANDY0095.png,255,train
CANDY/CANDY0096.png,256,train
CANDY/CANDY0097.png,257,train
CANDY/CANDY0098.png,258,train
CANDY/CANDY0099.png,259,train
CANDY/CANDY0100.png,260,train
CANDY/CANDY0101.png,260,train
CANDY/CANDY0102.png,261,train
CANDY/CANDY0103.png,262,train
CANDY/CANDY0104.png,263,train
CANDY/CANDY0105.png,264,test
CANDY/CANDY0106.png,265,train
CANDY/CANDY0107.png,265,train
CANDY/CANDY0108.png,265,train
CANDY/CANDY0109.png,266,test
CANDY/CANDY0110.png,266,test
CANDY/CANDY0111.png,267,train
CANDY/CANDY0112.png,268,test
CANDY/CANDY0113.png,269,train
CANDY/CANDY0114.png,270,train
CANDY/CANDY0115.png,271,val
CANDY/CANDY0116.png,272,test
CANDY/CANDY0117.png,273,test
CANDY/CANDY0118.png,273,test
CANDY/CANDY0119.png,274,val
CANDY/CANDY0120.png,275,train
CANDY/CANDY0121.png,274,val
CANDY/CANDY0122.png,276,val
CANDY/CANDY0123.png,277,train
CANDY/CANDY0124.png,278,test
CANDY/CANDY0125.png,264,test
CANDY/CANDY0126.png,279,train
CANDY/CANDY0127.png,280,train
CANDY/CANDY0128.png,281,train
CANDY/CANDY0129.png,282,train
CANDY/CANDY0130.png,283,train
CANDY/CANDY0131.png,284,test
CANDY/CANDY0132.png,285,train
CANDY/CANDY0133.png,286,train
CANDY/CANDY0134.png,287,train
CANDY/CANDY0135.png,288,train
CANDY/CANDY0136.png,289,train
CANDY/CANDY0137.png,290,train
CANDY/CANDY0138.png,291,train
CANDY/CANDY0139.png,292,train
CANDY/CANDY0140.png,289,train
CANDY/CANDY0141.png,293,test
CANDY/CANDY0142.png,294,test
CANDY/CANDY0143.png,295,train
CANDY/CANDY0144.png,294,test
CANDY/CANDY0145.png,296,train
CANDY/CANDY0146.png,297,train
CANDY/CANDY0147.png,298,train
CANDY/CANDY0148.png,299,val
CANDY/CANDY0149.png,300,train
CANDY/CANDY0150.png,289,train
CANDY/CANDY0151.png,289,train
CANDY/CANDY0152.png,289,train
CANDY/CANDY0153.png,289,train
CANDY/CANDY0154.png,289,train
CANDY/CANDY0155.png,289,train
CANDY/CANDY0156.png,301,train
CANDY/CANDY0157.png,289,train
CANDY/CANDY0158.png,302,train
CANDY/CANDY0159.png,303,train
CANDY/CANDY0160.png,304,val
CANDY/CANDY0161.png,305,train
CANDY/CANDY0162.png,306,train
CANDY/CANDY0163.png,307,test
CANDY/CANDY0164.png,308,train
CANDY/CANDY0165.png,309,train
CANDY/CANDY0166.png,309,train
CANDY/CANDY0167.png,310,train
CANDY/CANDY0168.png,310,train
CANDY/CANDY0169.png,310,train
CANDY/CANDY0170.png,311,train
CANDY/CANDY0171.png,312,val
CANDY/CANDY0172.png,313,train
CANDY/CANDY0173.png,314,train
CANDY/CANDY0174.png,315,train
CANDY/CANDY0175.png,316,test
CANDY/CANDY0176.png,316,test
CANDY/CANDY0177.png,317,train
CANDY/CANDY0178.png,318,train
CANDY/CANDY0179.png,319,train
CANDY/CANDY0180.png,320,train
CANDY/CANDY0181.png,321,val
CANDY/CANDY0182.png,309,train
CANDY/CANDY0183.png,322,val
CANDY/CANDY0184.png,323,train
CANDY/CANDY0185.png,324,train
CANDY/CANDY0186.png,325,val
CANDY/CANDY0187.png,326,train
CANDY/CANDY0188.png,327,train
CANDY/CANDY0189.png,327,train
CANDY/CANDY0190.png,327,train
CANDY/CANDY0191.png,327,train
CANDY/CANDY0192.png,328,train
CANDY/CANDY0193.png,329,train
CANDY/CANDY0194.png,330,train
CANDY/CANDY0195.png,330,train
CANDY/CANDY0196.png,330,train
CANDY/CANDY0197.png,331,val
CANDY/CANDY0198.png,330,train
CANDY/CANDY0199.png,332,test
CANDY/CANDY0200.png,330,train
CANDY/CANDY0201.png,333,val
CANDY/CANDY0202.png,333,val
CANDY/CANDY0203.png,334,train
CANDY/CANDY0204.png,335,train
CANDY/CANDY0205.png,309,train
CANDY/CANDY0206.png,309,train
CANDY/CANDY0207.png,336,test
CANDY/CANDY0208.png,309,train
CANDY/CANDY0209.png,337,train
CANDY/CANDY0210.png,338,test
CANDY/CANDY0211.png,339,test
CANDY/CANDY0212.png,340,train
CANDY/CANDY0213.png,341,train
CANDY/CANDY0214.png,342,train
CANDY/CANDY0215.png,343,val
CANDY/CANDY0216.png,344,val
CANDY/CANDY0217.png,345,train
CANDY/CANDY0218.png,346,train
CANDY/CANDY0219.png,347,val
CANDY/CANDY0220.png,348,train
CANDY/CANDY0221.png,349,val
CANDY/CANDY0222.png,350,test
CANDY/CANDY0223.png,349,val
CANDY/CANDY0224.png,349,val
CANDY/CANDY0225.png,351,train
CANDY/CANDY0226.png,349,val
CANDY/CANDY0227.png,352,train
CANDY/CANDY0228.png,353,train
CANDY/CANDY0229.png,354,train
CANDY/CANDY0230.png,355,train
CANDY/CANDY0231.png,356,train
CANDY/CANDY0232.png,357,test
CANDY/CANDY0233.png,358,test
CANDY/CANDY0234.png,359,train
CANDY/CANDY0235.png,360,train
CANDY/CANDY0236.png,361,test
CANDY/CANDY0237.png,362,test
CANDY/CANDY0238.png,362,test
CANDY/CANDY0239.png,363,val
CANDY/CANDY0240.png,364,train
CANDY/CANDY0241.png,365,train
CANDY/CANDY0242.png,366,train
CANDY/CANDY0243.png,367,test
CANDY/CANDY0244.png,368,train
CANDY/CANDY0245.png,360,train
CANDY/CANDY0246.png,369,train
CANDY/CANDY0247.png,370,test
CANDY/CANDY0248.png,371,val
CANDY/CANDY0249.png,372,train
CANDY/CANDY0250.png,373,train
CANDY/CANDY0251.png,374,train
CANDY/CANDY0252.png,375,train
CANDY/CANDY0253.png,376,train
CANDY/CANDY0254.png,376,train
CANDY/CANDY0255.png,377,train
CANDY/CANDY0256.png,378,train
CANDY/CANDY0257.png,379,train
CANDY/CANDY0258.png,380,test
CANDY/CANDY0259.png,381,train
CANDY/CANDY0260.png,382,train
CANDY/CANDY0261.png,383,test
CANDY/CANDY0262.png,384,train
CANDY/CANDY0263.png,385,val
CANDY/CANDY0264.png,386,val
CANDY/CANDY0265.png,387,train
CANDY/CANDY0266.png,388,train
CANDY/CANDY0267.png,389,train
CANDY/CANDY0268.png,390,val
CANDY/CANDY0269.png,391,train
CANDY/CANDY0270.png,392,train
CANDY/CANDY0271.png,393,train
CANDY/CANDY0272.png,394,train
CANDY/CANDY0273.png,395,test
CANDY/CANDY0274.png,396,val
CANDY/CANDY0275.png,397,train
CANDY/CANDY0276.png,397,train
CANDY/CANDY0277.png,398,test
CANDY/CANDY0278.png,399,train
CANDY/CANDY0279.png,400,train
CANDY/CANDY0280.png,401,train
CANDY/CANDY0281.png,402,train
CANDY/CANDY0282.png,403,val
CANDY/CANDY0283.png,404,train
CANDY/CANDY0284.png,405,train
CANDY/CANDY0285.png,406,train
CANDY/CANDY0286.png,407,val
CANDY/CANDY0287.png,408,val
CANDY/CANDY0288.png,409,train
CANDY/CANDY0289.png,410,test
CANDY/CANDY0290.png,411,train
CANDY/CANDY0291.png,412,train
CANDY/CANDY0292.png,413,val
CANDY/CANDY0293.png,414,train
CANDY/CANDY0294.png,415,train
CANDY/CANDY0295.png,416,train
CANDY/CANDY0296.png,417,val
CANDY/CANDY0297.png,418,train
CANDY/CANDY0298.png,419,train
CANDY/CANDY0299.png,420,test
CANDY/CANDY0300.png,421,val
CANDY/CANDY0301.png,422,train
CANDY/CANDY0302.png,422,train
CANDY/CANDY0303.png,423,train
CANDY/CANDY0304.png,424,val
CANDY/CANDY0305.png,425,train
CANDY/CANDY0306.png,426,train
CANDY/CANDY0307.png,427,train
CANDY/CANDY0308.png,428,train
CANDY/CANDY0309.png,429,test
CANDY/CANDY0310.png,430,train
CANDY/CANDY0311.png,431,val
CANDY/CANDY0312.png,432,train
CANDY/CANDY0313.png,433,val
CANDY/CANDY0314.png,434,train
CANDY/CANDY0315.png,435,train
CANDY/CANDY0316.png,436,train
CANDY/CANDY0317.png,437,train
CANDY/CANDY0318.png,438,train
CANDY/CANDY0319.png,439,train
CANDY/CANDY0320.png,440,train
CANDY/CANDY0321.png,441,val
CANDY/CANDY0322.png,417,val
CANDY/CANDY0323.png,442,val
CANDY/CANDY0324.png,443,train
CANDY/CANDY0325.png,444,train
CANDY/CANDY0326.png,357,test
CANDY/CANDY0327.png,445,test
CANDY/CANDY0328.png,446,train
CANDY/CANDY0329.png,447,val
CANDY/CANDY0330.png,448,train
CANDY/CANDY0331.png,449,train
CANDY/CANDY0332.png,450,train
CANDY/CANDY0333.png,451,train
CANDY/CANDY0334.png,452,train
CANDY/CANDY0335.png,378,train
CANDY/CANDY0336.png,379,train
CANDY/CANDY0337.png,375,train
CANDY/CANDY0338.png,453,train
CANDY/CANDY0339.png,454,train
CANDY/CANDY0340.png,455,train
CANDY/CANDY0341.png,456,train
CANDY/CANDY0342.png,457,train
CANDY/CANDY0343.png,458,train
CANDY/CANDY0344.png,289,train
CANDY/CANDY0345.png,459,train
CANDY/CANDY0346.png,460,train
CANDY/CANDY0347.png,461,train
CANDY/CANDY0348.png,462,train
CANDY/CANDY0349.png,463,test
CANDY/CANDY0350.png,464,val
CANDY/CANDY0351.png,465,val
CANDY/CANDY0352.png,466,test
CANDY/CANDY0353.png,467,train
CANDY/CANDY0354.png,468,train
CANDY/CANDY0355.png,469,train
CANDY/CANDY0356.png,470,train
CANDY/CANDY0357.png,471,train
CANDY/CANDY0358.png,472,test
CANDY/CANDY0359.png,473,train
CANDY/CANDY0360.png,467,train
CANDY/CANDY0361.png,474,train
CANDY/CANDY0362.png,475,train
CANDY/CANDY0363.png,476,train
CANDY/CANDY0364.png,477,train
CANDY/CANDY0365.png,468,train
CANDY/CANDY0366.png,478,train
CANDY/CANDY0367.png,479,val
CANDY/CANDY0368.png,480,train
CANDY/CANDY0369.png,481,val
CANDY/CANDY0370.png,482,train
CANDY/CANDY0371.png,483,train
CEREAL/CEREAL0000.png,484,val
CEREAL/CEREAL0001.png,485,test
CEREAL/CEREAL0002.png,486,train
CEREAL/CEREAL0003.png,487,train
CEREAL/CEREAL0004.png,488,val
CEREAL/CEREAL0005.png,489,train
CEREAL/CEREAL0006.png,490,train
CEREAL/CEREAL0007.png,491,train
CEREAL/CEREAL0008.png,492,train
CEREAL/CEREAL0009.png,493,train
CEREAL/CEREAL0010.png,494,train
CEREAL/CEREAL0011.png,495,train
CEREAL/CEREAL0012.png,485,test
CEREAL/CEREAL0013.png,496,train
CEREAL/CEREAL0014.png,496,train
CEREAL/CEREAL0015.png,497,train
CEREAL/CEREAL0016.png,498,train
CEREAL/CEREAL0017.png,499,test
CEREAL/CEREAL0018.png,485,test
CEREAL/CEREAL0019.png,485,test
CEREAL/CEREAL0020.png,500,train
CEREAL/CEREAL0021.png,501,test
CEREAL/CEREAL0022.png,502,train
CEREAL/CEREAL0023.png,503,train
CEREAL/CEREAL0024.png,504,train
CEREAL/CEREAL0025.png,505,train
CEREAL/CEREAL0026.png,506,train
CEREAL/CEREAL0027.png,507,train
CEREAL/CEREAL0028.png,508,train
CEREAL/CEREAL0029.png,509,train
CEREAL/CEREAL0030.png,510,train
CEREAL/CEREAL0031.png,511,test
CEREAL/CEREAL0032.png,489,train
CEREAL/CEREAL0033.png,512,train
CEREAL/CEREAL0034.png,513,train
CEREAL/CEREAL0035.png,514,val
CEREAL/CEREAL0036.png,515,test
CEREAL/CEREAL0037.png,516,train
CEREAL/CEREAL0038.png,517,train
CEREAL/CEREAL0039.png,518,val
CEREAL/CEREAL0040.png,519,train
CEREAL/CEREAL0041.png,520,train
CEREAL/CEREAL0042.png,492,train
CEREAL/CEREAL0043.png,521,train
CEREAL/CEREAL0044.png,522,train
CEREAL/CEREAL0045.png,523,train
CEREAL/CEREAL0046.png,524,train
CEREAL/CEREAL0047.png,525,val
CEREAL/CEREAL0048.png,526,train
CEREAL/CEREAL0049.png,527,val
CEREAL/CEREAL0050.png,528,train
CEREAL/CEREAL0051.png,529,train
CEREAL/CEREAL0052.png,527,val
CEREAL/CEREAL0053.png,530,train
CEREAL/CEREAL0054.png,531,test
CEREAL/CEREAL0055.png,532,train
CEREAL/CEREAL0056.png,533,test
CEREAL/CEREAL0057.png,534,train
CEREAL/CEREAL0058.png,535,train
CEREAL/CEREAL0059.png,536,test
CEREAL/CEREAL0060.png,537,train
CEREAL/CEREAL0061.png,494,train
CEREAL/CEREAL0062.png,538,train
CEREAL/CEREAL0063.png,514,val
CEREAL/CEREAL0064.png,514,val
CEREAL/CEREAL0065.png,538,train
CEREAL/CEREAL0066.png,539,train
CEREAL/CEREAL0067.png,540,train
CEREAL/CEREAL0068.png,534,train
CEREAL/CEREAL0069.png,541,test
CEREAL/CEREAL0070.png,505,train
CEREAL/CEREAL0071.png,542,train
CEREAL/CEREAL0072.png,535,train
CEREAL/CEREAL0073.png,543,train
CEREAL/CEREAL0074.png,544,train
CEREAL/CEREAL0075.png,532,train
CEREAL/CEREAL0076.png,545,train
CEREAL/CEREAL0077.png,546,val
CEREAL/CEREAL0078.png,547,val
CEREAL/CEREAL0079.png,503,train
CEREAL/CEREAL0080.png,548,train
CEREAL/CEREAL0081.png,549,train
CEREAL/CEREAL0082.png,550,test
CEREAL/CEREAL0083.png,489,train
CEREAL/CEREAL0084.png,503,train
CEREAL/CEREAL0085.png,551,train
CEREAL/CEREAL0086.png,545,train
CEREAL/CEREAL0087.png,552,test
CEREAL/CEREAL0088.png,553,val
CEREAL/CEREAL0089.png,554,train
CEREAL/CEREAL0090.png,555,train
CEREAL/CEREAL0091.png,556,train
CEREAL/CEREAL0092.png,521,train
CEREAL/CEREAL0093.png,557,train
CEREAL/CEREAL0094.png,558,val
CEREAL/CEREAL0095.png,559,train
CEREAL/CEREAL0096.png,560,val
CEREAL/CEREAL0097.png,561,train
CEREAL/CEREAL0098.png,562,train
CEREAL/CEREAL0099.png,563,train
CEREAL/CEREAL0100.png,564,train
CEREAL/CEREAL0101.png,509,train
CEREAL/CEREAL0102.png,505,train
CEREAL/CEREAL0103.png,565,train
CEREAL/CEREAL0104.png,566,train
CEREAL/CEREAL0105.png,567,test
CEREAL/CEREAL0106.png,568,train
CEREAL/CEREAL0107.png,569,val
CEREAL/CEREAL0108.png,485,test
CEREAL/CEREAL0109.png,570,train
CEREAL/CEREAL0110.png,514,val
CEREAL/CEREAL0111.png,521,train
CEREAL/CEREAL0112.png,571,train
CEREAL/CEREAL0113.png,572,train
CEREAL/CEREAL0114.png,505,train
CEREAL/CEREAL0115.png,573,train
CEREAL/CEREAL0116.png,574,test
CEREAL/CEREAL0117.png,575,test
CEREAL/CEREAL0118.png,576,train
CEREAL/CEREAL0119.png,563,train
CEREAL/CEREAL0120.png,514,val
CEREAL/CEREAL0121.png,577,train
CEREAL/CEREAL0122.png,485,test
CEREAL/CEREAL0123.png,578,train
CEREAL/CEREAL0124.png,485,test
CEREAL/CEREAL0125.png,485,test
CEREAL/CEREAL0126.png,493,train
CEREAL/CEREAL0127.png,579,val
CEREAL/CEREAL0128.png,580,train
CEREAL/CEREAL0129.png,581,train
CEREAL/CEREAL0130.png,582,test
CEREAL/CEREAL0131.png,583,test
CEREAL/CEREAL0132.png,584,train
CEREAL/CEREAL0133.png,585,train
CEREAL/CEREAL0134.png,586,train
CEREAL/CEREAL0135.png,587,val
CEREAL/CEREAL0136.png,588,train
CEREAL/CEREAL0137.png,485,test
CEREAL/CEREAL0138.png,589,train
CEREAL/CEREAL0139.png,590,train
CEREAL/CEREAL0140.png,591,val
CEREAL/CEREAL0141.png,485,test
CEREAL/CEREAL0142.png,578,train
CEREAL/CEREAL0143.png,560,val
CEREAL/CEREAL0144.png,592,train
CEREAL/CEREAL0145.png,553,val
CEREAL/CEREAL0146.png,593,train
CEREAL/CEREAL0147.png,535,train
CEREAL/CEREAL0148.png,503,train
CEREAL/CEREAL0149.png,521,train
CEREAL/CEREAL0150.png,594,train
CEREAL/CEREAL0151.png,595,train
CEREAL/CEREAL0152.png,596,train
CEREAL/CEREAL0153.png,485,test
CEREAL/CEREAL0154.png,557,train
CEREAL/CEREAL0155.png,597,test
CEREAL/CEREAL0156.png,598,train
CEREAL/CEREAL0157.png,599,train
CEREAL/CEREAL0158.png,600,train
CEREAL/CEREAL0159.png,505,train
CEREAL/CEREAL0160.png,601,train
CEREAL/CEREAL0161.png,602,train
CEREAL/CEREAL0162.png,603,train
CEREAL/CEREAL0163.png,604,train
CEREAL/CEREAL0164.png,605,test
CEREAL/CEREAL0165.png,606,val
CEREAL/CEREAL0166.png,514,val
CEREAL/CEREAL0167.png,485,test
CEREAL/CEREAL0168.png,607,train
CEREAL/CEREAL0169.png,521,train
CEREAL/CEREAL0170.png,608,val
CEREAL/CEREAL0171.png,609,train
CEREAL/CEREAL0172.png,566,train
CEREAL/CEREAL0173.png,562,train
CEREAL/CEREAL0174.png,610,train
CEREAL/CEREAL0175.png,566,train
CEREAL/CEREAL0176.png,611,test
CEREAL/CEREAL0177.png,612,train
CEREAL/CEREAL0178.png,613,train
CEREAL/CEREAL0179.png,547,val
CEREAL/CEREAL0180.png,614,train
CEREAL/CEREAL0181.png,615,test
CEREAL/CEREAL0182.png,489,train
CEREAL/CEREAL0183.png,514,val
CEREAL/CEREAL0184.png,616,train
CEREAL/CEREAL0185.png,617,train
CEREAL/CEREAL0186.png,618,train
CEREAL/CEREAL0187.png,618,train
CEREAL/CEREAL0188.png,619,train
CEREAL/CEREAL0189.png,620,train
CEREAL/CEREAL0190.png,621,train
CEREAL/CEREAL0191.png,535,train
CEREAL/CEREAL0192.png,622,train
CEREAL/CEREAL0193.png,622,train
CEREAL/CEREAL0194.png,622,train
CEREAL/CEREAL0195.png,623,train
CEREAL/CEREAL0196.png,624,val
CEREAL/CEREAL0197.png,625,train
CEREAL/CEREAL0198.png,626,train
CEREAL/CEREAL0199.png,627,train
CEREAL/CEREAL0200.png,628,train
CEREAL/CEREAL0201.png,629,train
CEREAL/CEREAL0202.png,532,train
CEREAL/CEREAL0203.png,630,train
CEREAL/CEREAL0204.png,631,val
CEREAL/CEREAL0205.png,632,val
CEREAL/CEREAL0206.png,633,val
CEREAL/CEREAL0207.png,489,train
CEREAL/CEREAL0208.png,634,train
CEREAL/CEREAL0209.png,635,val
CEREAL/CEREAL0210.png,636,val
CEREAL/CEREAL0211.png,637,val
CEREAL/CEREAL0212.png,489,train
CEREAL/CEREAL0213.png,637,val
CEREAL/CEREAL0214.png,638,train
CEREAL/CEREAL0215.png,639,train
CEREAL/CEREAL0216.png,640,val
CEREAL/CEREAL0217.png,641,train
CEREAL/CEREAL0218.png,640,val
CEREAL/CEREAL0219.png,642,test
CEREAL/CEREAL0220.png,643,train
CEREAL/CEREAL0221.png,644,val
CEREAL/CEREAL0222.png,516,train
CEREAL/CEREAL0223.png,582,test
CEREAL/CEREAL0224.png,645,train
CEREAL/CEREAL0225.png,646,train
CEREAL/CEREAL0226.png,647,train
CEREAL/CEREAL0227.png,648,train
CEREAL/CEREAL0228.png,649,train
CEREAL/CEREAL0229.png,650,train
CEREAL/CEREAL0230.png,651,train
CEREAL/CEREAL0231.png,652,train
CEREAL/CEREAL0232.png,653,train
CEREAL/CEREAL0233.png,654,train
CEREAL/CEREAL0234.png,655,val
CEREAL/CEREAL0235.png,656,train
CEREAL/CEREAL0236.png,657,train
CEREAL/CEREAL0237.png,658,train
CEREAL/CEREAL0238.png,659,train
CEREAL/CEREAL0239.png,660,train
CEREAL/CEREAL0240.png,661,train
CEREAL/CEREAL0241.png,662,train
CEREAL/CEREAL0242.png,663,train
CEREAL/CEREAL0243.png,664,train
CEREAL/CEREAL0244.png,665,train
CEREAL/CEREAL0245.png,666,test
CEREAL/CEREAL0246.png,667,train
CEREAL/CEREAL0247.png,668,train
CEREAL/CEREAL0248.png,669,test
CEREAL/CEREAL0249.png,670,train
CEREAL/CEREAL0250.png,671,val
CEREAL/CEREAL0251.png,672,test
CEREAL/CEREAL0252.png,673,train
CEREAL/CEREAL0253.png,674,test
CEREAL/CEREAL0254.png,675,train
CEREAL/CEREAL0255.png,676,train
CEREAL/CEREAL0256.png,677,train
CEREAL/CEREAL0257.png,678,train
CEREAL/CEREAL0258.png,679,train
CEREAL/CEREAL0259.png,680,train
CEREAL/CEREAL0260.png,681,test
CEREAL/CEREAL0261.png,682,test
CEREAL/CEREAL0262.png,683,val
CEREAL/CEREAL0263.png,684,train
CEREAL/CEREAL0264.png,685,train
CEREAL/CEREAL0265.png,686,train
CEREAL/CEREAL0266.png,687,train
CEREAL/CEREAL0267.png,688,train
CEREAL/CEREAL0268.png,689,test
CEREAL/CEREAL0269.png,690,test
CEREAL/CEREAL0270.png,691,train
CEREAL/CEREAL0271.png,692,train
CEREAL/CEREAL0272.png,693,test
CEREAL/CEREAL0273.png,694,train
CEREAL/CEREAL0274.png,695,val
CEREAL/CEREAL0275.png,696,train
CEREAL/CEREAL0276.png,697,train
CEREAL/CEREAL0277.png,698,train
CHIPS/CHIPS0000.png,699,val
CHIPS/CHIPS0001.png,700,test
CHIPS/CHIPS0002.png,701,train
CHIPS/CHIPS0003.png,702,train
CHIPS/CHIPS0004.png,703,val
CHIPS/CHIPS0005.png,704,train
CHIPS/CHIPS0006.png,705,val
CHIPS/CHIPS0007.png,706,val
CHIPS/CHIPS0008.png,707,train
CHIPS/CHIPS0009.png,708,test
CHIPS/CHIPS0010.png,709,test
CHIPS/CHIPS0011.png,710,train
CHIPS/CHIPS0012.png,708,test
CHIPS/CHIPS0013.png,711,train
CHIPS/CHIPS0014.png,712,train
CHIPS/CHIPS0015.png,713,train
CHIPS/CHIPS0016.png,714,train
CHIPS/CHIPS0017.png,715,train
CHIPS/CHIPS0018.png,716,train
CHIPS/CHIPS0019.png,717,val
CHIPS/CHIPS0020.png,718,test
CHIPS/CHIPS0021.png,719,train
CHIPS/CHIPS0022.png,720,train
CHIPS/CHIPS0023.png,721,test
CHIPS/CHIPS0024.png,722,train
CHIPS/CHIPS0025.png,723,train
CHIPS/CHIPS0026.png,724,train
CHIPS/CHIPS0027.png,725,train
CHIPS/CHIPS0028.png,726,test
CHIPS/CHIPS0029.png,727,train
CHIPS/CHIPS0030.png,713,train
CHIPS/CHIPS0031.png,728,train
CHIPS/CHIPS0032.png,729,train
CHIPS/CHIPS0033.png,730,train
CHIPS/CHIPS0034.png,731,val
CHIPS/CHIPS0035.png,732,val
CHIPS/CHIPS0036.png,733,train
CHIPS/CHIPS0037.png,734,train
CHIPS/CHIPS0038.png,735,train
CHIPS/CHIPS0039.png,736,train
CHIPS/CHIPS0040.png,737,train
CHIPS/CHIPS0041.png,738,train
CHIPS/CHIPS0042.png,739,train
CHIPS/CHIPS0043.png,740,train
CHIPS/CHIPS0044.png,741,train
CHIPS/CHIPS0045.png,742,test
CHIPS/CHIPS0046.png,743,train
CHIPS/CHIPS0047.png,744,test
CHIPS/CHIPS0048.png,745,train
CHIPS/CHIPS0049.png,746,train
CHIPS/CHIPS0050.png,747,train
CHIPS/CHIPS0051.png,748,train
CHIPS/CHIPS0052.png,749,train
CHIPS/CHIPS0053.png,750,train
CHIPS/CHIPS0054.png,751,train
CHIPS/CHIPS0055.png,752,test
CHIPS/CHIPS0056.png,753,val
CHIPS/CHIPS0057.png,754,train
CHIPS/CHIPS0058.png,755,train
CHIPS/CHIPS0059.png,756,train
CHIPS/CHIPS0060.png,757,train
CHIPS/CHIPS0061.png,758,train
CHIPS/CHIPS0062.png,759,val
CHIPS/CHIPS0063.png,760,test
CHIPS/CHIPS0064.png,761,val
CHIPS/CHIPS0065.png,762,train
CHIPS/CHIPS0066.png,763,train
CHIPS/CHIPS0067.png,764,val
CHIPS/CHIPS0068.png,765,train
CHIPS/CHIPS0069.png,766,train
CHIPS/CHIPS0070.png,767,val
CHIPS/CHIPS0071.png,768,test
CHIPS/CHIPS0072.png,769,val
CHIPS/CHIPS0073.png,770,train
CHIPS/CHIPS0074.png,771,train
CHIPS/CHIPS0075.png,772,train
CHIPS/CHIPS0076.png,773,train
CHIPS/CHIPS0077.png,774,val
CHIPS/CHIPS0078.png,775,train
CHIPS/CHIPS0079.png,776,train
CHIPS/CHIPS0080.png,777,train
CHIPS/CHIPS0081.png,778,train
CHIPS/CHIPS0082.png,779,val
CHIPS/CHIPS0083.png,780,train
CHIPS/CHIPS0084.png,781,train
CHIPS/CHIPS0085.png,782,train
CHIPS/CHIPS0086.png,783,train
CHIPS/CHIPS0087.png,784,train
CHIPS/CHIPS0088.png,785,train
CHIPS/CHIPS0089.png,786,train
CHIPS/CHIPS0090.png,787,test
CHIPS/CHIPS0091.png,788,train
CHIPS/CHIPS0092.png,789,train
CHIPS/CHIPS0093.png,790,train
CHIPS/CHIPS0094.png,791,train
CHIPS/CHIPS0095.png,777,train
CHIPS/CHIPS0096.png,792,val
CHIPS/CHIPS0097.png,793,train
CHIPS/CHIPS0098.png,794,val
CHIPS/CHIPS0099.png,795,train
CHIPS/CHIPS0100.png,795,train
CHIPS/CHIPS0101.png,796,val
CHIPS/CHIPS0102.png,797,train
CHIPS/CHIPS0103.png,798,train
CHIPS/CHIPS0104.png,799,train
CHIPS/CHIPS0105.png,800,train
CHIPS/CHIPS0106.png,801,train
CHIPS/CHIPS0107.png,802,test
CHIPS/CHIPS0108.png,803,train
CHIPS/CHIPS0109.png,804,val
CHIPS/CHIPS0110.png,805,val
CHIPS/CHIPS0111.png,806,train
CHIPS/CHIPS0112.png,807,train
CHIPS/CHIPS0113.png,808,val
CHIPS/CHIPS0114.png,809,val
CHIPS/CHIPS0115.png,810,test
CHIPS/CHIPS0116.png,811,test
CHIPS/CHIPS0117.png,812,train
CHIPS/CHIPS0118.png,813,test
CHIPS/CHIPS0119.png,814,train
CHIPS/CHIPS0120.png,815,train
CHIPS/CHIPS0121.png,816,train
CHIPS/CHIPS0122.png,817,test
CHIPS/CHIPS0123.png,818,test
CHIPS/CHIPS0124.png,819,test
CHIPS/CHIPS0125.png,820,train
CHIPS/CHIPS0126.png,821,train
CHIPS/CHIPS0127.png,822,train
CHIPS/CHIPS0128.png,823,test
CHIPS/CHIPS0129.png,824,test
CHIPS/CHIPS0130.png,825,train
CHIPS/CHIPS0131.png,826,val
CHIPS/CHIPS0132.png,827,train
CHIPS/CHIPS0133.png,828,test
CHIPS/CHIPS0134.png,829,train
CHIPS/CHIPS0135.png,830,train
CHIPS/CHIPS0136.png,831,val
CHIPS/CHIPS0137.png,832,train
CHIPS/CHIPS0138.png,833,train
CHIPS/CHIPS0139.png,834,train
CHIPS/CHIPS0140.png,835,test
CHIPS/CHIPS0141.png,836,train
CHIPS/CHIPS0142.png,837,train
CHIPS/CHIPS0143.png,838,train
CHIPS/CHIPS0144.png,839,train
CHIPS/CHIPS0145.png,840,val
CHIPS/CHIPS0146.png,841,val
CHIPS/CHIPS0147.png,842,train
CHIPS/CHIPS0148.png,843,train
CHIPS/CHIPS0149.png,844,train
CHIPS/CHIPS0150.png,845,train
CHIPS/CHIPS0151.png,846,train
CHIPS/CHIPS0152.png,847,val
CHIPS/CHIPS0153.png,848,train
CHIPS/CHIPS0154.png,849,train
CHIPS/CHIPS0155.png,850,train
CHIPS/CHIPS0156.png,851,train
CHIPS/CHIPS0157.png,852,train
CHIPS/CHIPS0158.png,853,train
CHIPS/CHIPS0159.png,854,train
CHIPS/CHIPS0160.png,855,train
CHIPS/CHIPS0161.png,856,train
CHIPS/CHIPS0162.png,857,train
CHIPS/CHIPS0163.png,858,train
CHIPS/CHIPS0164.png,859,test
CHIPS/CHIPS0165.png,860,train
CHIPS/CHIPS0166.png,861,train
CHIPS/CHIPS0167.png,862,train
CHIPS/CHIPS0168.png,863,train
CHIPS/CHIPS0169.png,864,train
CHIPS/CHIPS0170.png,865,test
CHIPS/CHIPS0171.png,866,train
CHIPS/CHIPS0172.png,867,train
CHIPS/CHIPS0173.png,868,train
CHIPS/CHIPS0174.png,869,train
CHIPS/CHIPS0175.png,870,test
CHIPS/CHIPS0176.png,871,train
CHIPS/CHIPS0177.png,872,val
CHIPS/CHIPS0178.png,873,train
CHIPS/CHIPS0179.png,874,train
CHIPS/CHIPS0180.png,875,train
CHOCOLATE/CHOCOLATE0000.png,876,test
CHOCOLATE/CHOCOLATE0001.png,877,train
CHOCOLATE/CHOCOLATE0002.png,878,test
CHOCOLATE/CHOCOLATE0003.png,879,test
CHOCOLATE/CHOCOLATE0004.png,880,train
CHOCOLATE/CHOCOLATE0005.png,881,train
CHOCOLATE/CHOCOLATE0006.png,882,test
CHOCOLATE/CHOCOLATE0007.png,883,train
CHOCOLATE/CHOCOLATE0008.png,884,train
CHOCOLATE/CHOCOLATE0009.png,885,train
CHOCOLATE/CHOCOLATE0010.png,886,val
CHOCOLATE/CHOCOLATE0011.png,887,train
CHOCOLATE/CHOCOLATE0012.png,884,train
CHOCOLATE/CHOCOLATE0013.png,888,train
CHOCOLATE/CHOCOLATE0014.png,889,train
CHOCOLATE/CHOCOLATE0015.png,890,train
CHOCOLATE/CHOCOLATE0016.png,891,val
CHOCOLATE/CHOCOLATE0017.png,892,train
CHOCOLATE/CHOCOLATE0018.png,893,train
CHOCOLATE/CHOCOLATE0019.png,894,train
CHOCOLATE/CHOCOLATE0020.png,895,train
CHOCOLATE/CHOCOLATE0021.png,896,train
CHOCOLATE/CHOCOLATE0022.png,897,train
CHOCOLATE/CHOCOLATE0023.png,898,train
CHOCOLATE/CHOCOLATE0024.png,899,val
CHOCOLATE/CHOCOLATE0025.png,900,val
CHOCOLATE/CHOCOLATE0026.png,901,train
CHOCOLATE/CHOCOLATE0027.png,902,train
CHOCOLATE/CHOCOLATE0028.png,903,test
CHOCOLATE/CHOCOLATE0029.png,904,train
CHOCOLATE/CHOCOLATE0030.png,905,val
CHOCOLATE/CHOCOLATE0031.png,906,test
CHOCOLATE/CHOCOLATE0032.png,907,train
CHOCOLATE/CHOCOLATE0033.png,908,train
CHOCOLATE/CHOCOLATE0034.png,909,train
CHOCOLATE/CHOCOLATE0035.png,910,train
CHOCOLATE/CHOCOLATE0036.png,911,val
CHOCOLATE/CHOCOLATE0037.png,912,train
CHOCOLATE/CHOCOLATE0038.png,913,train
CHOCOLATE/CHOCOLATE0039.png,914,train
CHOCOLATE/CHOCOLATE0040.png,915,train
CHOCOLATE/CHOCOLATE0041.png,916,train
CHOCOLATE/CHOCOLATE0042.png,917,train
CHOCOLATE/CHOCOLATE0043.png,918,train
CHOCOLATE/CHOCOLATE0044.png,919,train
CHOCOLATE/CHOCOLATE0045.png,920,train
CHOCOLATE/CHOCOLATE0046.png,921,train
CHOCOLATE/CHOCOLATE0047.png,922,val
CHOCOLATE/CHOCOLATE0048.png,923,test
CHOCOLATE/CHOCOLATE0049.png,924,test
CHOCOLATE/CHOCOLATE0050.png,925,train
CHOCOLATE/CHOCOLATE0051.png,926,test
CHOCOLATE/CHOCOLATE0052.png,885,train
CHOCOLATE/CHOCOLATE0053.png,927,train
CHOCOLATE/CHOCOLATE0054.png,928,test
CHOCOLATE/CHOCOLATE0055.png,929,train
CHOCOLATE/CHOCOLATE0056.png,930,train
CHOCOLATE/CHOCOLATE0057.png,931,train
CHOCOLATE/CHOCOLATE0058.png,932,train
CHOCOLATE/CHOCOLATE0059.png,933,train
CHOCOLATE/CHOCOLATE0060.png,934,train
CHOCOLATE/CHOCOLATE0061.png,935,train
CHOCOLATE/CHOCOLATE0062.png,936,train
CHOCOLATE/CHOCOLATE0063.png,937,test
CHOCOLATE/CHOCOLATE0064.png,938,train
CHOCOLATE/CHOCOLATE0065.png,939,train
CHOCOLATE/CHOCOLATE0066.png,940,train
CHOCOLATE/CHOCOLATE0067.png,941,train
CHOCOLATE/CHOCOLATE0068.png,942,train
CHOCOLATE/CHOCOLATE0069.png,943,train
CHOCOLATE/CHOCOLATE0070.png,944,val
CHOCOLATE/CHOCOLATE0071.png,945,train
CHOCOLATE/CHOCOLATE0072.png,946,train
CHOCOLATE/CHOCOLATE0073.png,900,val
CHOCOLATE/CHOCOLATE0074.png,947,train
CHOCOLATE/CHOCOLATE0075.png,938,train
CHOCOLATE/CHOCOLATE0076.png,948,test
CHOCOLATE/CHOCOLATE0077.png,949,train
CHOCOLATE/CHOCOLATE0078.png,885,train
CHOCOLATE/CHOCOLATE0079.png,950,test
CHOCOLATE/CHOCOLATE0080.png,951,train
CHOCOLATE/CHOCOLATE0081.png,911,val
CHOCOLATE/CHOCOLATE0082.png,952,val
CHOCOLATE/CHOCOLATE0083.png,900,val
CHOCOLATE/CHOCOLATE0084.png,953,train
CHOCOLATE/CHOCOLATE0085.png,954,train
CHOCOLATE/CHOCOLATE0086.png,955,train
CHOCOLATE/CHOCOLATE0087.png,956,train
CHOCOLATE/CHOCOLATE0088.png,957,train
CHOCOLATE/CHOCOLATE0089.png,926,test
CHOCOLATE/CHOCOLATE0090.png,958,train
CHOCOLATE/CHOCOLATE0091.png,959,test
CHOCOLATE/CHOCOLATE0092.png,960,test
CHOCOLATE/CHOCOLATE0093.png,961,train
CHOCOLATE/CHOCOLATE0094.png,962,train
CHOCOLATE/CHOCOLATE0095.png,963,train
CHOCOLATE/CHOCOLATE0096.png,964,train
CHOCOLATE/CHOCOLATE0097.png,965,train
CHOCOLATE/CHOCOLATE0098.png,966,train
CHOCOLATE/CHOCOLATE0099.png,967,train
CHOCOLATE/CHOCOLATE0100.png,968,train
CHOCOLATE/CHOCOLATE0101.png,969,test
CHOCOLATE/CHOCOLATE0102.png,970,train
CHOCOLATE/CHOCOLATE0103.png,971,val
CHOCOLATE/CHOCOLATE0104.png,972,val
CHOCOLATE/CHOCOLATE0105.png,973,train
CHOCOLATE/CHOCOLATE0106.png,974,train
CHOCOLATE/CHOCOLATE0107.png,885,train
CHOCOLATE/CHOCOLATE0108.png,975,train
CHOCOLATE/CHOCOLATE0109.png,976,val
CHOCOLATE/CHOCOLATE0110.png,977,train
CHOCOLATE/CHOCOLATE0111.png,922,val
CHOCOLATE/CHOCOLATE0112.png,978,train
CHOCOLATE/CHOCOLATE0113.png,979,test
CHOCOLATE/CHOCOLATE0114.png,980,train
CHOCOLATE/CHOCOLATE0115.png,981,val
CHOCOLATE/CHOCOLATE0116.png,928,test
CHOCOLATE/CHOCOLATE0117.png,982,train
CHOCOLATE/CHOCOLATE0118.png,983,train
CHOCOLATE/CHOCOLATE0119.png,984,val
CHOCOLATE/CHOCOLATE0120.png,985,train
CHOCOLATE/CHOCOLATE0121.png,986,train
CHOCOLATE/CHOCOLATE0122.png,987,train
CHOCOLATE/CHOCOLATE0123.png,988,train
CHOCOLATE/CHOCOLATE0124.png,989,test
CHOCOLATE/CHOCOLATE0125.png,928,test
CHOCOLATE/CHOCOLATE0126.png,990,val
CHOCOLATE/CHOCOLATE0127.png,991,train
CHOCOLATE/CHOCOLATE0128.png,992,train
CHOCOLATE/CHOCOLATE0129.png,993,train
CHOCOLATE/CHOCOLATE0130.png,994,train
CHOCOLATE/CHOCOLATE0131.png,995,train
CHOCOLATE/CHOCOLATE0132.png,996,train
CHOCOLATE/CHOCOLATE0133.png,997,train
CHOCOLATE/CHOCOLATE0134.png,998,test
CHOCOLATE/CHOCOLATE0135.png,900,val
CHOCOLATE/CHOCOLATE0136.png,999,val
CHOCOLATE/CHOCOLATE0137.png,1000,train
CHOCOLATE/CHOCOLATE0138.png,1001,train
CHOCOLATE/CHOCOLATE0139.png,1002,train
CHOCOLATE/CHOCOLATE0140.png,1003,train
CHOCOLATE/CHOCOLATE0141.png,900,val
CHOCOLATE/CHOCOLATE0142.png,1004,train
CHOCOLATE/CHOCOLATE0143.png,1005,train
CHOCOLATE/CHOCOLATE0144.png,1005,train
CHOCOLATE/CHOCOLATE0145.png,1006,train
CHOCOLATE/CHOCOLATE0146.png,1007,train
CHOCOLATE/CHOCOLATE0147.png,1008,train
CHOCOLATE/CHOCOLATE0148.png,1009,train
CHOCOLATE/CHOCOLATE0149.png,1010,train
CHOCOLATE/CHOCOLATE0150.png,1006,train
CHOCOLATE/CHOCOLATE0151.png,1011,train
CHOCOLATE/CHOCOLATE0152.png,1012,test
CHOCOLATE/CHOCOLATE0153.png,1013,train
CHOCOLATE/CHOCOLATE0154.png,1014,train
CHOCOLATE/CHOCOLATE0155.png,1015,train
CHOCOLATE/CHOCOLATE0156.png,1016,train
CHOCOLATE/CHOCOLATE0157.png,1017,train
CHOCOLATE/CHOCOLATE0158.png,1018,train
CHOCOLATE/CHOCOLATE0159.png,906,test
CHOCOLATE/CHOCOLATE0160.png,1019,train
CHOCOLATE/CHOCOLATE0161.png,1020,train
CHOCOLATE/CHOCOLATE0162.png,1021,train
CHOCOLATE/CHOCOLATE0163.png,1022,test
CHOCOLATE/CHOCOLATE0164.png,885,train
CHOCOLATE/CHOCOLATE0165.png,1023,test
CHOCOLATE/CHOCOLATE0166.png,1024,train
CHOCOLATE/CHOCOLATE0167.png,1025,val
CHOCOLATE/CHOCOLATE0168.png,1026,train
CHOCOLATE/CHOCOLATE0169.png,1027,train
CHOCOLATE/CHOCOLATE0170.png,1028,train
CHOCOLATE/CHOCOLATE0171.png,1029,train
CHOCOLATE/CHOCOLATE0172.png,986,train
CHOCOLATE/CHOCOLATE0173.png,1030,train
CHOCOLATE/CHOCOLATE0174.png,1031,train
CHOCOLATE/CHOCOLATE0175.png,1032,train
CHOCOLATE/CHOCOLATE0176.png,1033,train
CHOCOLATE/CHOCOLATE0177.png,1033,train
CHOCOLATE/CHOCOLATE0178.png,1034,val
CHOCOLATE/CHOCOLATE0179.png,1034,val
CHOCOLATE/CHOCOLATE0180.png,1035,train
CHOCOLATE/CHOCOLATE0181.png,1036,test
CHOCOLATE/CHOCOLATE0182.png,1037,train
CHOCOLATE/CHOCOLATE0183.png,1038,train
CHOCOLATE/CHOCOLATE0184.png,1039,train
CHOCOLATE/CHOCOLATE0185.png,1040,train
CHOCOLATE/CHOCOLATE0186.png,1041,train
CHOCOLATE/CHOCOLATE0187.png,1042,train
CHOCOLATE/CHOCOLATE0188.png,1043,train
CHOCOLATE/CHOCOLATE0189.png,1044,test
CHOCOLATE/CHOCOLATE0190.png,1045,train
CHOCOLATE/CHOCOLATE0191.png,1046,test
CHOCOLATE/CHOCOLATE0192.png,1046,test
CHOCOLATE/CHOCOLATE0193.png,1047,test
CHOCOLATE/CHOCOLATE0194.png,1047,test
CHOCOLATE/CHOCOLATE0195.png,1048,val
CHOCOLATE/CHOCOLATE0196.png,1049,test
CHOCOLATE/CHOCOLATE0197.png,1047,test
CHOCOLATE/CHOCOLATE0198.png,1050,train
CHOCOLATE/CHOCOLATE0199.png,1051,train
CHOCOLATE/CHOCOLATE0200.png,1050,train
CHOCOLATE/CHOCOLATE0201.png,885,train
CHOCOLATE/CHOCOLATE0202.png,1052,train
CHOCOLATE/CHOCOLATE0203.png,1053,train
CHOCOLATE/CHOCOLATE0204.png,1054,train
CHOCOLATE/CHOCOLATE0205.png,1055,train
CHOCOLATE/CHOCOLATE0206.png,1056,train
CHOCOLATE/CHOCOLATE0207.png,1057,train
CHOCOLATE/CHOCOLATE0208.png,1058,train
CHOCOLATE/CHOCOLATE0209.png,1059,train
CHOCOLATE/CHOCOLATE0210.png,986,train
CHOCOLATE/CHOCOLATE0211.png,1060,train
CHOCOLATE/CHOCOLATE0212.png,986,train
CHOCOLATE/CHOCOLATE0213.png,971,val
CHOCOLATE/CHOCOLATE0214.png,986,train
CHOCOLATE/CHOCOLATE0215.png,986,train
CHOCOLATE/CHOCOLATE0216.png,986,train
CHOCOLATE/CHOCOLATE0217.png,1061,val
CHOCOLATE/CHOCOLATE0218.png,1062,val
CHOCOLATE/CHOCOLATE0219.png,1061,val
CHOCOLATE/CHOCOLATE0220.png,1063,train
CHOCOLATE/CHOCOLATE0221.png,1064,train
CHOCOLATE/CHOCOLATE0222.png,1065,train
CHOCOLATE/CHOCOLATE0223.png,1066,train
CHOCOLATE/CHOCOLATE0224.png,1066,train
CHOCOLATE/CHOCOLATE0225.png,1067,test
CHOCOLATE/CHOCOLATE0226.png,1068,train
CHOCOLATE/CHOCOLATE0227.png,1069,test
CHOCOLATE/CHOCOLATE0228.png,1069,test
CHOCOLATE/CHOCOLATE0229.png,1070,train
CHOCOLATE/CHOCOLATE0230.png,1071,train
CHOCOLATE/CHOCOLATE0231.png,1072,train
CHOCOLATE/CHOCOLATE0232.png,1073,train
CHOCOLATE/CHOCOLATE0233.png,1074,train
CHOCOLATE/CHOCOLATE0234.png,1075,train
CHOCOLATE/CHOCOLATE0235.png,1076,test
CHOCOLATE/CHOCOLATE0236.png,1076,test
CHOCOLATE/CHOCOLATE0237.png,1077,train
CHOCOLATE/CHOCOLATE0238.png,1078,test
CHOCOLATE/CHOCOLATE0239.png,1077,train
CHOCOLATE/CHOCOLATE0240.png,1079,train
CHOCOLATE/CHOCOLATE0241.png,1080,train
CHOCOLATE/CHOCOLATE0242.png,1081,val
CHOCOLATE/CHOCOLATE0243.png,1082,train
CHOCOLATE/CHOCOLATE0244.png,1083,val
CHOCOLATE/CHOCOLATE0245.png,1084,test
CHOCOLATE/CHOCOLATE0246.png,1085,val
CHOCOLATE/CHOCOLATE0247.png,1086,train
CHOCOLATE/CHOCOLATE0248.png,1087,train
CHOCOLATE/CHOCOLATE0249.png,1088,val
CHOCOLATE/CHOCOLATE0250.png,1089,train
CHOCOLATE/CHOCOLATE0251.png,1090,train
CHOCOLATE/CHOCOLATE0252.png,1091,train
CHOCOLATE/CHOCOLATE0253.png,1092,train
CHOCOLATE/CHOCOLATE0254.png,1093,train
CHOCOLATE/CHOCOLATE0255.png,1094,train
CHOCOLATE/CHOCOLATE0256.png,1085,val
CHOCOLATE/CHOCOLATE0257.png,1095,train
CHOCOLATE/CHOCOLATE0258.png,1096,train
CHOCOLATE/CHOCOLATE0259.png,1097,train
CHOCOLATE/CHOCOLATE0260.png,1098,train
CHOCOLATE/CHOCOLATE0261.png,1099,test
CHOCOLATE/CHOCOLATE0262.png,1083,val
CHOCOLATE/CHOCOLATE0263.png,885,train
CHOCOLATE/CHOCOLATE0264.png,1100,train
CHOCOLATE/CHOCOLATE0265.png,1101,train
CHOCOLATE/CHOCOLATE0266.png,1102,test
CHOCOLATE/CHOCOLATE0267.png,885,train
CHOCOLATE/CHOCOLATE0268.png,1103,test
CHOCOLATE/CHOCOLATE0269.png,1104,train
CHOCOLATE/CHOCOLATE0270.png,1105,train
CHOCOLATE/CHOCOLATE0271.png,1106,val
CHOCOLATE/CHOCOLATE0272.png,1107,train
CHOCOLATE/CHOCOLATE0273.png,1108,test
CHOCOLATE/CHOCOLATE0274.png,1109,train
CHOCOLATE/CHOCOLATE0275.png,1110,train
CHOCOLATE/CHOCOLATE0276.png,1111,val
CHOCOLATE/CHOCOLATE0277.png,1112,test
CHOCOLATE/CHOCOLATE0278.png,1113,train
CHOCOLATE/CHOCOLATE0279.png,1114,train
CHOCOLATE/CHOCOLATE0280.png,1115,train
CHOCOLATE/CHOCOLATE0281.png,1116,train
CHOCOLATE/CHOCOLATE0282.png,1117,train
CHOCOLATE/CHOCOLATE0283.png,1114,train
CHOCOLATE/CHOCOLATE0284.png,1118,train
CHOCOLATE/CHOCOLATE0285.png,1119,train
CHOCOLATE/CHOCOLATE0286.png,1120,train
CHOCOLATE/CHOCOLATE0287.png,1120,train
CHOCOLATE/CHOCOLATE0288.png,1121,train
CHOCOLATE/CHOCOLATE0289.png,1122,train
CHOCOLATE/CHOCOLATE0290.png,1123,val
CHOCOLATE/CHOCOLATE0291.png,1124,train
CHOCOLATE/CHOCOLATE0292.png,1125,train
CHOCOLATE/CHOCOLATE0293.png,986,train
CHOCOLATE/CHOCOLATE0294.png,1126,val
CHOCOLATE/CHOCOLATE0295.png,1127,train
CHOCOLATE/CHOCOLATE0296.png,1061,val
CHOCOLATE/CHOCOLATE0297.png,1128,train
CHOCOLATE/CHOCOLATE0298.png,1129,train
CHOCOLATE/CHOCOLATE0299.png,1130,train
CHOCOLATE/CHOCOLATE0300.png,1061,val
CHOCOLATE/CHOCOLATE0301.png,1131,val
CHOCOLATE/CHOCOLATE0302.png,1061,val
CHOCOLATE/CHOCOLATE0303.png,1132,train
CHOCOLATE/CHOCOLATE0304.png,1061,val
CHOCOLATE/CHOCOLATE0305.png,1133,val
CHOCOLATE/CHOCOLATE0306.png,1134,train
COFFEE/COFFEE0000.png,1135,train
COFFEE/COFFEE0001.png,1136,train
COFFEE/COFFEE0002.png,1137,train
COFFEE/COFFEE0003.png,1138,train
COFFEE/COFFEE0004.png,1139,train
COFFEE/COFFEE0005.png,1140,train
COFFEE/COFFEE0006.png,1141,test
COFFEE/COFFEE0007.png,1142,train
COFFEE/COFFEE0008.png,1143,train
COFFEE/COFFEE0009.png,1144,train
COFFEE/COFFEE0010.png,1145,train
COFFEE/COFFEE0011.png,1146,train
COFFEE/COFFEE0012.png,1147,train
COFFEE/COFFEE0013.png,1148,test
COFFEE/COFFEE0014.png,1149,val
COFFEE/COFFEE0015.png,1150,train
COFFEE/COFFEE0016.png,1151,train
COFFEE/COFFEE0017.png,1152,val
COFFEE/COFFEE0018.png,1153,train
COFFEE/COFFEE0019.png,1154,train
COFFEE/COFFEE0020.png,1155,val
COFFEE/COFFEE0021.png,1156,train
COFFEE/COFFEE0022.png,1157,train
COFFEE/COFFEE0023.png,1158,val
COFFEE/COFFEE0024.png,1159,val
COFFEE/COFFEE0025.png,1160,train
COFFEE/COFFEE0026.png,1161,train
COFFEE/COFFEE0027.png,1162,train
COFFEE/COFFEE0028.png,1163,train
COFFEE/COFFEE0029.png,1164,train
COFFEE/COFFEE0030.png,1165,train
COFFEE/COFFEE0031.png,1166,train
COFFEE/COFFEE0032.png,1167,train
COFFEE/COFFEE0033.png,1168,test
COFFEE/COFFEE0034.png,1169,test
COFFEE/COFFEE0035.png,1170,train
COFFEE/COFFEE0036.png,1171,train
COFFEE/COFFEE0037.png,1172,test
COFFEE/COFFEE0038.png,1160,train
COFFEE/COFFEE0039.png,1173,train
COFFEE/COFFEE0040.png,1174,train
COFFEE/COFFEE0041.png,1175,train
COFFEE/COFFEE0042.png,1176,train
COFFEE/COFFEE0043.png,1176,train
COFFEE/COFFEE0044.png,1177,train
COFFEE/COFFEE0045.png,1178,val
COFFEE/COFFEE0046.png,1179,train
COFFEE/COFFEE0047.png,1180,test
COFFEE/COFFEE0048.png,1180,test
COFFEE/COFFEE0049.png,1181,test
COFFEE/COFFEE0050.png,1182,train
COFFEE/COFFEE0051.png,1183,train
COFFEE/COFFEE0052.png,1184,train
COFFEE/COFFEE0053.png,1180,test
COFFEE/COFFEE0054.png,1185,train
COFFEE/COFFEE0055.png,1186,train
COFFEE/COFFEE0056.png,1187,train
COFFEE/COFFEE0057.png,1188,train
COFFEE/COFFEE0058.png,1189,train
COFFEE/COFFEE0059.png,1190,val
COFFEE/COFFEE0060.png,1191,train
COFFEE/COFFEE0061.png,1192,val
COFFEE/COFFEE0062.png,1193,train
COFFEE/COFFEE0063.png,1194,train
COFFEE/COFFEE0064.png,1195,train
COFFEE/COFFEE0065.png,1196,val
COFFEE/COFFEE0066.png,1197,val
COFFEE/COFFEE0067.png,1198,train
COFFEE/COFFEE0068.png,1199,train
COFFEE/COFFEE0069.png,1200,train
COFFEE/COFFEE0070.png,1201,train
COFFEE/COFFEE0071.png,1202,train
COFFEE/COFFEE0072.png,1203,val
COFFEE/COFFEE0073.png,1204,train
COFFEE/COFFEE0074.png,1205,test
COFFEE/COFFEE0075.png,1206,val
COFFEE/COFFEE0076.png,1207,train
COFFEE/COFFEE0077.png,1208,train
COFFEE/COFFEE0078.png,1209,train
COFFEE/COFFEE0079.png,1210,train
COFFEE/COFFEE0080.png,1211,val
COFFEE/COFFEE0081.png,1212,val
COFFEE/COFFEE0082.png,1150,train
COFFEE/COFFEE0083.png,1213,train
COFFEE/COFFEE0084.png,1180,test
COFFEE/COFFEE0085.png,1214,train
COFFEE/COFFEE0086.png,1161,train
COFFEE/COFFEE0087.png,1215,train
COFFEE/COFFEE0088.png,1216,test
COFFEE/COFFEE0089.png,1174,train
COFFEE/COFFEE0090.png,1217,test
COFFEE/COFFEE0091.png,1218,test
COFFEE/COFFEE0092.png,1219,train
COFFEE/COFFEE0093.png,1220,train
COFFEE/COFFEE0094.png,1221,train
COFFEE/COFFEE0095.png,1222,val
COFFEE/COFFEE0096.png,1223,train
COFFEE/COFFEE0097.png,1224,train
COFFEE/COFFEE0098.png,1225,train
COFFEE/COFFEE0099.png,1226,train
COFFEE/COFFEE0100.png,1212,val
COFFEE/COFFEE0101.png,1227,train
COFFEE/COFFEE0102.png,1228,train
COFFEE/COFFEE0103.png,1229,train
COFFEE/COFFEE0104.png,1174,train
COFFEE/COFFEE0105.png,1230,train
COFFEE/COFFEE0106.png,1231,train
COFFEE/COFFEE0107.png,1232,train
COFFEE/COFFEE0108.png,1233,train
COFFEE/COFFEE0109.png,1234,train
COFFEE/COFFEE0110.png,1235,train
COFFEE/COFFEE0111.png,1218,test
COFFEE/COFFEE0112.png,1148,test
COFFEE/COFFEE0113.png,1236,train
COFFEE/COFFEE0114.png,1219,train
COFFEE/COFFEE0115.png,1237,train
COFFEE/COFFEE0116.png,1238,test
COFFEE/COFFEE0117.png,1239,train
COFFEE/COFFEE0118.png,1240,train
COFFEE/COFFEE0119.png,1241,train
COFFEE/COFFEE0120.png,1242,train
COFFEE/COFFEE0121.png,1243,train
COFFEE/COFFEE0122.png,1244,train
COFFEE/COFFEE0123.png,1137,train
COFFEE/COFFEE0124.png,1245,train
COFFEE/COFFEE0125.png,1246,train
COFFEE/COFFEE0126.png,1247,train
COFFEE/COFFEE0127.png,1248,train
COFFEE/COFFEE0128.png,1249,test
COFFEE/COFFEE0129.png,1142,train
COFFEE/COFFEE0130.png,1250,test
COFFEE/COFFEE0131.png,1251,train
COFFEE/COFFEE0132.png,1252,train
COFFEE/COFFEE0133.png,1253,test
COFFEE/COFFEE0134.png,1159,val
COFFEE/COFFEE0135.png,1254,test
COFFEE/COFFEE0136.png,1255,test
COFFEE/COFFEE0137.png,1256,train
COFFEE/COFFEE0138.png,1257,train
COFFEE/COFFEE0139.png,1258,train
COFFEE/COFFEE0140.png,1259,train
COFFEE/COFFEE0141.png,1260,train
COFFEE/COFFEE0142.png,1261,train
COFFEE/COFFEE0143.png,1262,train
COFFEE/COFFEE0144.png,1263,train
COFFEE/COFFEE0145.png,1264,train
COFFEE/COFFEE0146.png,1265,train
COFFEE/COFFEE0147.png,1266,train
COFFEE/COFFEE0148.png,1267,train
COFFEE/COFFEE0149.png,1268,train
COFFEE/COFFEE0150.png,1219,train
COFFEE/COFFEE0151.png,1269,test
COFFEE/COFFEE0152.png,1179,train
COFFEE/COFFEE0153.png,1270,train
COFFEE/COFFEE0154.png,1271,train
COFFEE/COFFEE0155.png,1272,train
COFFEE/COFFEE0156.png,1273,train
COFFEE/COFFEE0157.png,1274,train
COFFEE/COFFEE0158.png,1275,train
COFFEE/COFFEE0159.png,1276,train
COFFEE/COFFEE0160.png,1185,train
COFFEE/COFFEE0161.png,1277,train
COFFEE/COFFEE0162.png,1278,val
COFFEE/COFFEE0163.png,1279,train
COFFEE/COFFEE0164.png,1280,train
COFFEE/COFFEE0165.png,1281,val
COFFEE/COFFEE0166.png,1282,train
COFFEE/COFFEE0167.png,1283,train
COFFEE/COFFEE0168.png,1284,train
COFFEE/COFFEE0169.png,1285,test
COFFEE/COFFEE0170.png,1261,train
COFFEE/COFFEE0171.png,1286,val
COFFEE/COFFEE0172.png,1250,test
COFFEE/COFFEE0173.png,1161,train
COFFEE/COFFEE0174.png,1287,val
COFFEE/COFFEE0175.png,1180,test
COFFEE/COFFEE0176.png,1288,train
COFFEE/COFFEE0177.png,1227,train
COFFEE/COFFEE0178.png,1289,test
COFFEE/COFFEE0179.png,1290,train
COFFEE/COFFEE0180.png,1291,train
COFFEE/COFFEE0181.png,1292,train
COFFEE/COFFEE0182.png,1293,test
COFFEE/COFFEE0183.png,1180,test
COFFEE/COFFEE0184.png,1294,train
COFFEE/COFFEE0185.png,1295,val
COFFEE/COFFEE0186.png,1296,train
COFFEE/COFFEE0187.png,1278,val
COFFEE/COFFEE0188.png,1142,train
COFFEE/COFFEE0189.png,1142,train
COFFEE/COFFEE0190.png,1142,train
COFFEE/COFFEE0191.png,1278,val
COFFEE/COFFEE0192.png,1218,test
COFFEE/COFFEE0193.png,1219,train
COFFEE/COFFEE0194.png,1297,train
COFFEE/COFFEE0195.png,1298,val
COFFEE/COFFEE0196.png,1299,train
COFFEE/COFFEE0197.png,1300,train
COFFEE/COFFEE0198.png,1220,train
COFFEE/COFFEE0199.png,1301,test
COFFEE/COFFEE0200.png,1302,val
COFFEE/COFFEE0201.png,1303,val
COFFEE/COFFEE0202.png,1304,train
COFFEE/COFFEE0203.png,1305,val
COFFEE/COFFEE0204.png,1306,train
COFFEE/COFFEE0205.png,1307,val
COFFEE/COFFEE0206.png,1308,train
COFFEE/COFFEE0207.png,1309,train
COFFEE/COFFEE0208.png,1310,train
COFFEE/COFFEE0209.png,1311,train
COFFEE/COFFEE0210.png,1305,val
COFFEE/COFFEE0211.png,1312,train
COFFEE/COFFEE0212.png,1313,train
COFFEE/COFFEE0213.png,1314,train
COFFEE/COFFEE0214.png,1315,val
COFFEE/COFFEE0215.png,1316,test
COFFEE/COFFEE0216.png,1317,train
COFFEE/COFFEE0217.png,1318,train
COFFEE/COFFEE0218.png,1319,train
COFFEE/COFFEE0219.png,1320,train
COFFEE/COFFEE0220.png,1321,val
COFFEE/COFFEE0221.png,1322,test
COFFEE/COFFEE0222.png,1305,val
COFFEE/COFFEE0223.png,1323,val
COFFEE/COFFEE0224.png,1324,train
COFFEE/COFFEE0225.png,1325,train
COFFEE/COFFEE0226.png,1326,test
COFFEE/COFFEE0227.png,1327,val
COFFEE/COFFEE0228.png,1328,train
COFFEE/COFFEE0229.png,1329,train
COFFEE/COFFEE0230.png,1330,train
COFFEE/COFFEE0231.png,1331,train
COFFEE/COFFEE0232.png,1332,train
COFFEE/COFFEE0233.png,1333,val
COFFEE/COFFEE0234.png,1334,train
COFFEE/COFFEE0235.png,1335,val
COFFEE/COFFEE0236.png,1336,train
COFFEE/COFFEE0237.png,1337,train
COFFEE/COFFEE0238.png,1338,train
COFFEE/COFFEE0239.png,1339,train
COFFEE/COFFEE0240.png,1340,test
COFFEE/COFFEE0241.png,1340,test
COFFEE/COFFEE0242.png,1341,train
COFFEE/COFFEE0243.png,1342,train
COFFEE/COFFEE0244.png,1343,train
COFFEE/COFFEE0245.png,1344,train
COFFEE/COFFEE0246.png,1345,train
COFFEE/COFFEE0247.png,1346,val
COFFEE/COFFEE0248.png,1347,train
COFFEE/COFFEE0249.png,1348,test
COFFEE/COFFEE0250.png,1349,val
COFFEE/COFFEE0251.png,1350,train
COFFEE/COFFEE0252.png,1351,train
COFFEE/COFFEE0253.png,1351,train
COFFEE/COFFEE0254.png,1352,train
COFFEE/COFFEE0255.png,1353,train
COFFEE/COFFEE0256.png,1354,train
COFFEE/COFFEE0257.png,1355,test
COFFEE/COFFEE0258.png,1356,train
COFFEE/COFFEE0259.png,1357,test
COFFEE/COFFEE0260.png,1358,train
COFFEE/COFFEE0261.png,1359,val
COFFEE/COFFEE0262.png,1360,train
COFFEE/COFFEE0263.png,1361,train
COFFEE/COFFEE0264.png,1362,train
COFFEE/COFFEE0265.png,1363,train
COFFEE/COFFEE0266.png,1364,train
COFFEE/COFFEE0267.png,1365,val
COFFEE/COFFEE0268.png,1366,test
COFFEE/COFFEE0269.png,1340,test
COFFEE/COFFEE0270.png,1367,train
COFFEE/COFFEE0271.png,1368,val
COFFEE/COFFEE0272.png,1365,val
COFFEE/COFFEE0273.png,1369,train
COFFEE/COFFEE0274.png,1370,train
COFFEE/COFFEE0275.png,1365,val
COFFEE/COFFEE0276.png,1370,train
COFFEE/COFFEE0277.png,1354,train
COFFEE/COFFEE0278.png,1371,train
COFFEE/COFFEE0279.png,1372,train
COFFEE/COFFEE0280.png,1373,train
COFFEE/COFFEE0281.png,1374,train
COFFEE/COFFEE0282.png,1375,train
COFFEE/COFFEE0283.png,1376,train
COFFEE/COFFEE0284.png,1377,train
COFFEE/COFFEE0285.png,1378,train
COFFEE/COFFEE0286.png,1379,train
COFFEE/COFFEE0287.png,1380,test
COFFEE/COFFEE0288.png,1381,train
COFFEE/COFFEE0289.png,1382,val
COFFEE/COFFEE0290.png,1340,test
COFFEE/COFFEE0291.png,1383,train
COFFEE/COFFEE0292.png,1384,train
COFFEE/COFFEE0293.png,1385,train
COFFEE/COFFEE0294.png,1386,test
COFFEE/COFFEE0295.png,1387,test
COFFEE/COFFEE0296.png,1388,train
COFFEE/COFFEE0297.png,1389,train
CORN/CORN0000.png,1390,train
CORN/CORN0001.png,1390,train
CORN/CORN0002.png,1391,test
CORN/CORN0003.png,1392,train
CORN/CORN0004.png,1393,train
CORN/CORN0005.png,1394,train
CORN/CORN0006.png,1395,test
CORN/CORN0007.png,1396,test
CORN/CORN0008.png,1392,train
CORN/CORN0009.png,1397,train
CORN/CORN0010.png,1398,train
CORN/CORN0011.png,1399,train
CORN/CORN0012.png,1400,train
CORN/CORN0013.png,1401,train
CORN/CORN0014.png,1402,val
CORN/CORN0015.png,1403,train
CORN/CORN0016.png,1404,train
CORN/CORN0017.png,1402,val
CORN/CORN0018.png,1400,train
CORN/CORN0019.png,1405,train
CORN/CORN0020.png,1406,val
CORN/CORN0021.png,1407,train
CORN/CORN0022.png,1408,test
CORN/CORN0023.png,1409,train
CORN/CORN0024.png,1410,train
CORN/CORN0025.png,1411,train
CORN/CORN0026.png,1401,train
CORN/CORN0027.png,1412,train
CORN/CORN0028.png,1413,train
CORN/CORN0029.png,1414,train
CORN/CORN0030.png,1415,test
CORN/CORN0031.png,1416,train
CORN/CORN0032.png,1417,train
CORN/CORN0033.png,1418,train
CORN/CORN0034.png,1419,train
CORN/CORN0035.png,1419,train
CORN/CORN0036.png,1419,train
CORN/CORN0037.png,1420,val
CORN/CORN0038.png,1420,val
CORN/CORN0039.png,1400,train
CORN/CORN0040.png,1421,val
CORN/CORN0041.png,1421,val
CORN/CORN0042.png,1400,train
CORN/CORN0043.png,1400,train
CORN/CORN0044.png,1400,train
CORN/CORN0045.png,1400,train
CORN/CORN0046.png,1422,train
CORN/CORN0047.png,1423,train
CORN/CORN0048.png,1424,test
CORN/CORN0049.png,1425,test
CORN/CORN0050.png,1426,train
CORN/CORN0051.png,1427,train
CORN/CORN0052.png,1428,val
CORN/CORN0053.png,1429,train
CORN/CORN0054.png,1430,train
CORN/CORN0055.png,1431,train
CORN/CORN0056.png,1432,train
CORN/CORN0057.png,1433,test
CORN/CORN0058.png,1433,test
CORN/CORN0059.png,1434,train
CORN/CORN0060.png,1435,test
CORN/CORN0061.png,1434,train
CORN/CORN0062.png,1436,train
CORN/CORN0063.png,1437,train
CORN/CORN0064.png,1420,val
CORN/CORN0065.png,1420,val
CORN/CORN0066.png,1420,val
CORN/CORN0067.png,1420,val
CORN/CORN0068.png,1420,val
CORN/CORN0069.png,1438,train
CORN/CORN0070.png,1439,train
CORN/CORN0071.png,1440,test
CORN/CORN0072.png,1440,test
CORN/CORN0073.png,1441,val
CORN/CORN0074.png,1442,val
CORN/CORN0075.png,1443,train
CORN/CORN0076.png,1444,train
CORN/CORN0077.png,1419,train
CORN/CORN0078.png,1419,train
CORN/CORN0079.png,1419,train
CORN/CORN0080.png,1419,train
CORN/CORN0081.png,1445,train
CORN/CORN0082.png,1419,train
CORN/CORN0083.png,1419,train
CORN/CORN0084.png,1446,train
CORN/CORN0085.png,1400,train
CORN/CORN0086.png,1400,train
CORN/CORN0087.png,1447,train
CORN/CORN0088.png,1400,train
CORN/CORN0089.png,1448,train
CORN/CORN0090.png,1449,test
CORN/CORN0091.png,1400,train
CORN/CORN0092.png,1450,test
CORN/CORN0093.png,1451,train
CORN/CORN0094.png,1452,train
CORN/CORN0095.png,1453,train
CORN/CORN0096.png,1450,test
FISH/FISH0000.png,1454,train
FISH/FISH0001.png,1455,train
FISH/FISH0002.png,1456,test
FISH/FISH0003.png,1457,val
FISH/FISH0004.png,1458,train
FISH/FISH0005.png,1459,train
FISH/FISH0006.png,1460,train
FISH/FISH0007.png,1461,train
FISH/FISH0008.png,1462,train
FISH/FISH0009.png,1463,train
FISH/FISH0010.png,1464,train
FISH/FISH0011.png,1465,train
FISH/FISH0012.png,1466,train
FISH/FISH0013.png,1467,test
FISH/FISH0014.png,1468,test
FISH/FISH0015.png,1469,train
FISH/FISH0016.png,1456,test
FISH/FISH0017.png,1470,train
FISH/FISH0018.png,1471,train
FISH/FISH0019.png,1472,val
FISH/FISH0020.png,1473,train
FISH/FISH0021.png,1474,val
FISH/FISH0022.png,1475,train
FISH/FISH0023.png,1476,val
FISH/FISH0024.png,1477,val
FISH/FISH0025.png,1460,train
FISH/FISH0026.png,1462,train
FISH/FISH0027.png,1455,train
FISH/FISH0028.png,1466,train
FISH/FISH0029.png,1478,train
FISH/FISH0030.png,1466,train
FISH/FISH0031.png,1479,val
FISH/FISH0032.png,1480,train
FISH/FISH0033.png,1480,train
FISH/FISH0034.png,1481,val
FISH/FISH0035.png,1482,train
FISH/FISH0036.png,1483,train
FISH/FISH0037.png,1484,train
FISH/FISH0038.png,1485,val
FISH/FISH0039.png,1485,val
FISH/FISH0040.png,1485,val
FISH/FISH0041.png,1485,val
FISH/FISH0042.png,1486,train
FISH/FISH0043.png,1487,train
FISH/FISH0044.png,1488,train
FISH/FISH0045.png,1489,test
FISH/FISH0046.png,1490,train
FISH/FISH0047.png,1491,test
FISH/FISH0048.png,1492,train
FISH/FISH0049.png,1493,train
FISH/FISH0050.png,1494,val
FISH/FISH0051.png,1495,train
FISH/FISH0052.png,1496,train
FISH/FISH0053.png,1496,train
FISH/FISH0054.png,1496,train
FISH/FISH0055.png,1496,train
FISH/FISH0056.png,1496,train
FISH/FISH0057.png,1496,train
FISH/FISH0058.png,1496,train
FISH/FISH0059.png,1497,train
FISH/FISH0060.png,1498,val
FISH/FISH0061.png,1499,test
FISH/FISH0062.png,1499,test
FISH/FISH0063.png,1499,test
FISH/FISH0064.png,1499,test
FISH/FISH0065.png,1500,train
FISH/FISH0066.png,1501,train
FISH/FISH0067.png,1471,train
FISH/FISH0068.png,1471,train
FISH/FISH0069.png,1502,train
FISH/FISH0070.png,1503,train
FISH/FISH0071.png,1504,train
FISH/FISH0072.png,1505,train
FISH/FISH0073.png,1480,train
FISH/FISH0074.png,1506,train
FISH/FISH0075.png,1507,test
FISH/FISH0076.png,1508,train
FISH/FISH0077.png,1480,train
FISH/FISH0078.png,1480,train
FISH/FISH0079.png,1509,train
FISH/FISH0080.png,1510,train
FISH/FISH0081.png,1480,train
FISH/FISH0082.png,1511,train
FISH/FISH0083.png,1512,val
FISH/FISH0084.png,1513,train
FISH/FISH0085.png,1514,test
FISH/FISH0086.png,1515,train
FISH/FISH0087.png,1515,train
FISH/FISH0088.png,1516,train
FISH/FISH0089.png,1517,val
FISH/FISH0090.png,1518,train
FISH/FISH0091.png,1519,train
FISH/FISH0092.png,1520,val
FISH/FISH0093.png,1521,train
FISH/FISH0094.png,1522,train
FISH/FISH0095.png,1523,train
FISH/FISH0096.png,1523,train
FISH/FISH0097.png,1524,train
FISH/FISH0098.png,1525,test
FISH/FISH0099.png,1525,test
FISH/FISH0100.png,1526,test
FISH/FISH0101.png,1527,test
FISH/FISH0102.png,1528,val
FISH/FISH0103.png,1529,train
FISH/FISH0104.png,1530,train
FISH/FISH0105.png,1528,val
FISH/FISH0106.png,1529,train
FISH/FISH0107.png,1531,train
FISH/FISH0108.png,1532,train
FISH/FISH0109.png,1533,test
FLOUR/FLOUR0000.png,1534,train
FLOUR/FLOUR0001.png,1535,train
FLOUR/FLOUR0002.png,1536,train
FLOUR/FLOUR0003.png,1537,train
FLOUR/FLOUR0004.png,1538,train
FLOUR/FLOUR0005.png,1539,train
FLOUR/FLOUR0006.png,1540,train
FLOUR/FLOUR0007.png,1541,train
FLOUR/FLOUR0008.png,1542,train
FLOUR/FLOUR0009.png,1543,train
FLOUR/FLOUR0010.png,1544,train
FLOUR/FLOUR0011.png,1539,train
FLOUR/FLOUR0012.png,1545,test
FLOUR/FLOUR0013.png,1546,test
FLOUR/FLOUR0014.png,1547,train
FLOUR/FLOUR0015.png,1548,train
FLOUR/FLOUR0016.png,1549,train
FLOUR/FLOUR0017.png,1550,test
FLOUR/FLOUR0018.png,1551,train
FLOUR/FLOUR0019.png,1552,val
FLOUR/FLOUR0020.png,1553,test
FLOUR/FLOUR0021.png,1554,train
FLOUR/FLOUR0022.png,1555,train
FLOUR/FLOUR0023.png,1556,train
FLOUR/FLOUR0024.png,1557,train
FLOUR/FLOUR0025.png,1558,test
FLOUR/FLOUR0026.png,1559,train
FLOUR/FLOUR0027.png,1537,train
FLOUR/FLOUR0028.png,1547,train
FLOUR/FLOUR0029.png,1560,test
FLOUR/FLOUR0030.png,1561,train
FLOUR/FLOUR0031.png,1534,train
FLOUR/FLOUR0032.png,1562,train
FLOUR/FLOUR0033.png,1563,train
FLOUR/FLOUR0034.png,1544,train
FLOUR/FLOUR0035.png,1544,train
FLOUR/FLOUR0036.png,1564,train
FLOUR/FLOUR0037.png,1565,train
FLOUR/FLOUR0038.png,1566,train
FLOUR/FLOUR0039.png,1567,train
FLOUR/FLOUR0040.png,1567,train
FLOUR/FLOUR0041.png,1567,train
FLOUR/FLOUR0042.png,1568,test
FLOUR/FLOUR0043.png,1568,test
FLOUR/FLOUR0044.png,1552,val
FLOUR/FLOUR0045.png,1552,val
FLOUR/FLOUR0046.png,1544,train
FLOUR/FLOUR0047.png,1569,test
FLOUR/FLOUR0048.png,1570,test
FLOUR/FLOUR0049.png,1571,val
FLOUR/FLOUR0050.png,1572,val
FLOUR/FLOUR0051.png,1573,train
FLOUR/FLOUR0052.png,1537,train
FLOUR/FLOUR0053.png,1574,train
FLOUR/FLOUR0054.png,1544,train
FLOUR/FLOUR0055.png,1544,train
FLOUR/FLOUR0056.png,1544,train
FLOUR/FLOUR0057.png,1544,train
FLOUR/FLOUR0058.png,1544,train
FLOUR/FLOUR0059.png,1560,test
FLOUR/FLOUR0060.png,1575,train
FLOUR/FLOUR0061.png,1576,train
FLOUR/FLOUR0062.png,1577,train
FLOUR/FLOUR0063.png,1554,train
FLOUR/FLOUR0064.png,1578,train
FLOUR/FLOUR0065.png,1579,val
FLOUR/FLOUR0066.png,1544,train
FLOUR/FLOUR0067.png,1544,train
FLOUR/FLOUR0068.png,1580,val
FLOUR/FLOUR0069.png,1581,test
FLOUR/FLOUR0070.png,1582,test
FLOUR/FLOUR0071.png,1583,train
FLOUR/FLOUR0072.png,1584,val
FLOUR/FLOUR0073.png,1585,train
FLOUR/FLOUR0074.png,1586,train
FLOUR/FLOUR0075.png,1587,val
FLOUR/FLOUR0076.png,1588,train
FLOUR/FLOUR0077.png,1589,train
FLOUR/FLOUR0078.png,1590,train
FLOUR/FLOUR0079.png,1591,train
FLOUR/FLOUR0080.png,1592,test
FLOUR/FLOUR0081.png,1593,train
FLOUR/FLOUR0082.png,1594,val
FLOUR/FLOUR0083.png,1595,test
FLOUR/FLOUR0084.png,1594,val
FLOUR/FLOUR0085.png,1547,train
FLOUR/FLOUR0086.png,1596,train
FLOUR/FLOUR0087.png,1597,train
FLOUR/FLOUR0088.png,1598,train
FLOUR/FLOUR0089.png,1599,val
FLOUR/FLOUR0090.png,1600,train
FLOUR/FLOUR0091.png,1601,val
FLOUR/FLOUR0092.png,1602,val
FLOUR/FLOUR0093.png,1603,train
FLOUR/FLOUR0094.png,1604,train
FLOUR/FLOUR0095.png,1605,train
FLOUR/FLOUR0096.png,1606,train
FLOUR/FLOUR0097.png,1607,val
FLOUR/FLOUR0098.png,1544,train
FLOUR/FLOUR0099.png,1608,train
FLOUR/FLOUR0100.png,1609,train
FLOUR/FLOUR0101.png,1610,train
FLOUR/FLOUR0102.png,1611,train
FLOUR/FLOUR0103.png,1612,train
FLOUR/FLOUR0104.png,1613,val
FLOUR/FLOUR0105.png,1614,test
FLOUR/FLOUR0106.png,1615,val
FLOUR/FLOUR0107.png,1616,test
FLOUR/FLOUR0108.png,1617,train
HONEY/HONEY0000.png,1618,train
HONEY/HONEY0001.png,1619,train
HONEY/HONEY0002.png,1620,test
HONEY/HONEY0003.png,1621,train
HONEY/HONEY0004.png,1622,test
HONEY/HONEY0005.png,1620,test
HONEY/HONEY0006.png,1623,val
HONEY/HONEY0007.png,1618,train
HONEY/HONEY0008.png,1624,train
HONEY/HONEY0009.png,1625,test
HONEY/HONEY0010.png,1626,train
HONEY/HONEY0011.png,1627,train
HONEY/HONEY0012.png,1628,train
HONEY/HONEY0013.png,1629,train
HONEY/HONEY0014.png,1630,train
HONEY/HONEY0015.png,1631,test
HONEY/HONEY0016.png,1632,train
HONEY/HONEY0017.png,1633,val
HONEY/HONEY0018.png,1634,train
HONEY/HONEY0019.png,1635,train
HONEY/HONEY0020.png,1636,train
HONEY/HONEY0021.png,1637,train
HONEY/HONEY0022.png,1636,train
HONEY/HONEY0023.png,1631,test
HONEY/HONEY0024.png,1638,train
HONEY/HONEY0025.png,1639,train
HONEY/HONEY0026.png,1640,val
HONEY/HONEY0027.png,1641,train
HONEY/HONEY0028.png,1642,train
HONEY/HONEY0029.png,1643,test
HONEY/HONEY0030.png,1644,train
HONEY/HONEY0031.png,1640,val
HONEY/HONEY0032.png,1640,val
HONEY/HONEY0033.png,1645,train
HONEY/HONEY0034.png,1646,train
HONEY/HONEY0035.png,1647,val
HONEY/HONEY0036.png,1648,train
HONEY/HONEY0037.png,1649,train
HONEY/HONEY0038.png,1650,train
HONEY/HONEY0039.png,1651,train
HONEY/HONEY0040.png,1652,train
HONEY/HONEY0041.png,1653,train
HONEY/HONEY0042.png,1654,test
HONEY/HONEY0043.png,1654,test
HONEY/HONEY0044.png,1655,train
HONEY/HONEY0045.png,1640,val
HONEY/HONEY0046.png,1640,val
HONEY/HONEY0047.png,1640,val
HONEY/HONEY0048.png,1656,train
HONEY/HONEY0049.png,1657,train
HONEY/HONEY0050.png,1658,train
HONEY/HONEY0051.png,1658,train
HONEY/HONEY0052.png,1630,train
HONEY/HONEY0053.png,1659,test
HONEY/HONEY0054.png,1659,test
HONEY/HONEY0055.png,1660,test
HONEY/HONEY0056.png,1661,train
HONEY/HONEY0057.png,1662,train
HONEY/HONEY0058.png,1663,test
HONEY/HONEY0059.png,1664,train
HONEY/HONEY0060.png,1665,val
HONEY/HONEY0061.png,1666,test
HONEY/HONEY0062.png,1667,test
HONEY/HONEY0063.png,1668,train
HONEY/HONEY0064.png,1669,train
HONEY/HONEY0065.png,1670,train
HONEY/HONEY0066.png,1671,train
HONEY/HONEY0067.png,1672,train
HONEY/HONEY0068.png,1673,train
HONEY/HONEY0069.png,1674,test
HONEY/HONEY0070.png,1675,val
HONEY/HONEY0071.png,1676,train
HONEY/HONEY0072.png,1677,test
HONEY/HONEY0073.png,1678,train
HONEY/HONEY0074.png,1678,train
HONEY/HONEY0075.png,1678,train
HONEY/HONEY0076.png,1679,train
HONEY/HONEY0077.png,1679,train
HONEY/HONEY0078.png,1680,train
HONEY/HONEY0079.png,1640,val
HONEY/HONEY0080.png,1640,val
HONEY/HONEY0081.png,1640,val
HONEY/HONEY0082.png,1640,val
HONEY/HONEY0083.png,1640,val
HONEY/HONEY0084.png,1640,val
HONEY/HONEY0085.png,1640,val
HONEY/HONEY0086.png,1640,val
HONEY/HONEY0087.png,1640,val
HONEY/HONEY0088.png,1640,val
HONEY/HONEY0089.png,1640,val
HONEY/HONEY0090.png,1640,val
HONEY/HONEY0091.png,1681,train
HONEY/HONEY0092.png,1681,train
HONEY/HONEY0093.png,1682,train
HONEY/HONEY0094.png,1683,train
HONEY/HONEY0095.png,1684,train
HONEY/HONEY0096.png,1669,train
HONEY/HONEY0097.png,1685,test
HONEY/HONEY0098.png,1686,test
HONEY/HONEY0099.png,1686,test
HONEY/HONEY0100.png,1687,train
HONEY/HONEY0101.png,1688,train
HONEY/HONEY0102.png,1688,train
HONEY/HONEY0103.png,1688,train
HONEY/HONEY0104.png,1688,train
HONEY/HONEY0105.png,1689,train
HONEY/HONEY0106.png,1630,train
HONEY/HONEY0107.png,1630,train
HONEY/HONEY0108.png,1630,train
HONEY/HONEY0109.png,1630,train
HONEY/HONEY0110.png,1630,train
HONEY/HONEY0111.png,1630,train
HONEY/HONEY0112.png,1630,train
HONEY/HONEY0113.png,1630,train
HONEY/HONEY0114.png,1690,train
HONEY/HONEY0115.png,1691,train
HONEY/HONEY0116.png,1691,train
HONEY/HONEY0117.png,1692,train
HONEY/HONEY0118.png,1693,train
HONEY/HONEY0119.png,1694,val
HONEY/HONEY0120.png,1695,train
HONEY/HONEY0121.png,1696,train
HONEY/HONEY0122.png,1697,train
HONEY/HONEY0123.png,1698,test
HONEY/HONEY0124.png,1699,train
HONEY/HONEY0125.png,1699,train
HONEY/HONEY0126.png,1700,val
HONEY/HONEY0127.png,1701,train
HONEY/HONEY0128.png,1702,train
HONEY/HONEY0129.png,1703,train
HONEY/HONEY0130.png,1704,train
HONEY/HONEY0131.png,1705,val
HONEY/HONEY0132.png,1706,train
HONEY/HONEY0133.png,1706,train
HONEY/HONEY0134.png,1705,val
HONEY/HONEY0135.png,1706,train
HONEY/HONEY0136.png,1707,train
HONEY/HONEY0137.png,1708,train
HONEY/HONEY0138.png,1709,train
HONEY/HONEY0139.png,1710,train
HONEY/HONEY0140.png,1711,test
HONEY/HONEY0141.png,1712,train
HONEY/HONEY0142.png,1712,train
HONEY/HONEY0143.png,1713,val
HONEY/HONEY0144.png,1714,train
HONEY/HONEY0145.png,1714,train
HONEY/HONEY0146.png,1714,train
HONEY/HONEY0147.png,1715,train
HONEY/HONEY0148.png,1716,train
HONEY/HONEY0149.png,1717,train
HONEY/HONEY0150.png,1718,train
HONEY/HONEY0151.png,1719,train
HONEY/HONEY0152.png,1719,train
HONEY/HONEY0153.png,1720,train
HONEY/HONEY0154.png,1721,val
HONEY/HONEY0155.png,1722,train
HONEY/HONEY0156.png,1722,train
HONEY/HONEY0157.png,1723,test
HONEY/HONEY0158.png,1724,val
HONEY/HONEY0159.png,1725,train
HONEY/HONEY0160.png,1726,train
HONEY/HONEY0161.png,1727,train
HONEY/HONEY0162.png,1728,test
HONEY/HONEY0163.png,1729,test
HONEY/HONEY0164.png,1730,train
HONEY/HONEY0165.png,1731,test
HONEY/HONEY0166.png,1732,train
HONEY/HONEY0167.png,1733,train
HONEY/HONEY0168.png,1734,train
HONEY/HONEY0169.png,1735,train
HONEY/HONEY0170.png,1736,train
HONEY/HONEY0171.png,1737,test
HONEY/HONEY0172.png,1738,train
HONEY/HONEY0173.png,1739,train
HONEY/HONEY0174.png,1740,train
HONEY/HONEY0175.png,1741,val
HONEY/HONEY0176.png,1742,train
HONEY/HONEY0177.png,1743,train
HONEY/HONEY0178.png,1744,train
HONEY/HONEY0179.png,1745,train
HONEY/HONEY0180.png,1746,train
HONEY/HONEY0181.png,1747,train
HONEY/HONEY0182.png,1748,train
HONEY/HONEY0183.png,1749,val
HONEY/HONEY0184.png,1750,train
JAM/JAM0000.png,1751,train
JAM/JAM0001.png,1752,train
JAM/JAM0002.png,1753,test
JAM/JAM0003.png,1754,train
JAM/JAM0004.png,1755,train
JAM/JAM0005.png,1755,train
JAM/JAM0006.png,1756,train
JAM/JAM0007.png,1757,train
JAM/JAM0008.png,1758,train
JAM/JAM0009.png,1759,train
JAM/JAM0010.png,1760,train
JAM/JAM0011.png,1759,train
JAM/JAM0012.png,1761,val
JAM/JAM0013.png,1762,val
JAM/JAM0014.png,1763,train
JAM/JAM0015.png,1764,train
JAM/JAM0016.png,1765,train
JAM/JAM0017.png,1766,train
JAM/JAM0018.png,1767,val
JAM/JAM0019.png,1768,train
JAM/JAM0020.png,1769,val
JAM/JAM0021.png,1770,train
JAM/JAM0022.png,1771,val
JAM/JAM0023.png,1772,train
JAM/JAM0024.png,1773,val
JAM/JAM0025.png,1774,test
JAM/JAM0026.png,1775,train
JAM/JAM0027.png,1776,train
JAM/JAM0028.png,1777,train
JAM/JAM0029.png,1778,train
JAM/JAM0030.png,1779,train
JAM/JAM0031.png,1780,train
JAM/JAM0032.png,1781,train
JAM/JAM0033.png,1782,train
JAM/JAM0034.png,1783,train
JAM/JAM0035.png,1778,train
JAM/JAM0036.png,1784,test
JAM/JAM0037.png,1785,train
JAM/JAM0038.png,1786,test
JAM/JAM0039.png,1787,train
JAM/JAM0040.png,1788,val
JAM/JAM0041.png,1789,train
JAM/JAM0042.png,1790,val
JAM/JAM0043.png,1791,train
JAM/JAM0044.png,1792,train
JAM/JAM0045.png,1793,train
JAM/JAM0046.png,1794,test
JAM/JAM0047.png,1792,train
JAM/JAM0048.png,1795,val
JAM/JAM0049.png,1796,train
JAM/JAM0050.png,1797,train
JAM/JAM0051.png,1798,train
JAM/JAM0052.png,1799,train
JAM/JAM0053.png,1800,train
JAM/JAM0054.png,1801,train
JAM/JAM0055.png,1802,train
JAM/JAM0056.png,1803,train
JAM/JAM0057.png,1804,train
JAM/JAM0058.png,1805,test
JAM/JAM0059.png,1806,train
JAM/JAM0060.png,1807,test
JAM/JAM0061.png,1808,train
JAM/JAM0062.png,1809,test
JAM/JAM0063.png,1810,train
JAM/JAM0064.png,1811,train
JAM/JAM0065.png,1806,train
JAM/JAM0066.png,1812,train
JAM/JAM0067.png,1813,train
JAM/JAM0068.png,1814,val
JAM/JAM0069.png,1815,train
JAM/JAM0070.png,1772,train
JAM/JAM0071.png,1816,test
JAM/JAM0072.png,1817,train
JAM/JAM0073.png,1818,val
JAM/JAM0074.png,1819,train
JAM/JAM0075.png,1820,test
JAM/JAM0076.png,1821,train
JAM/JAM0077.png,1822,val
JAM/JAM0078.png,1823,val
JAM/JAM0079.png,1824,train
JAM/JAM0080.png,1825,val
JAM/JAM0081.png,1826,train
JAM/JAM0082.png,1827,test
JAM/JAM0083.png,1828,val
JAM/JAM0084.png,1829,val
JAM/JAM0085.png,1830,train
JAM/JAM0086.png,1831,train
JAM/JAM0087.png,1832,train
JAM/JAM0088.png,1833,train
JAM/JAM0089.png,1834,test
JAM/JAM0090.png,1835,train
JAM/JAM0091.png,1834,test
JAM/JAM0092.png,1836,test
JAM/JAM0093.png,1837,train
JAM/JAM0094.png,1838,val
JAM/JAM0095.png,1839,train
JAM/JAM0096.png,1838,val
JAM/JAM0097.png,1840,train
JAM/JAM0098.png,1841,test
JAM/JAM0099.png,1842,train
JAM/JAM0100.png,1843,test
JAM/JAM0101.png,1844,train
JAM/JAM0102.png,1845,train
JAM/JAM0103.png,1806,train
JAM/JAM0104.png,1806,train
JAM/JAM0105.png,1846,train
JAM/JAM0106.png,1800,train
JAM/JAM0107.png,1800,train
JAM/JAM0108.png,1847,train
JAM/JAM0109.png,1847,train
JAM/JAM0110.png,1847,train
JAM/JAM0111.png,1847,train
JAM/JAM0112.png,1848,train
JAM/JAM0113.png,1848,train
JAM/JAM0114.png,1849,test
JAM/JAM0115.png,1782,train
JAM/JAM0116.png,1850,train
JAM/JAM0117.png,1851,train
JAM/JAM0118.png,1852,train
JAM/JAM0119.png,1851,train
JAM/JAM0120.png,1853,test
JAM/JAM0121.png,1853,test
JAM/JAM0122.png,1854,train
JAM/JAM0123.png,1855,train
JAM/JAM0124.png,1855,train
JAM/JAM0125.png,1856,train
JAM/JAM0126.png,1856,train
JAM/JAM0127.png,1857,test
JAM/JAM0128.png,1858,val
JAM/JAM0129.png,1806,train
JAM/JAM0130.png,1859,train
JAM/JAM0131.png,1860,train
JAM/JAM0132.png,1861,train
JAM/JAM0133.png,1862,train
JAM/JAM0134.png,1863,test
JAM/JAM0135.png,1863,test
JAM/JAM0136.png,1864,train
JAM/JAM0137.png,1863,test
JAM/JAM0138.png,1865,val
JAM/JAM0139.png,1866,train
JAM/JAM0140.png,1867,test
JAM/JAM0141.png,1868,val
JAM/JAM0142.png,1869,train
JAM/JAM0143.png,1870,train
JAM/JAM0144.png,1871,train
JAM/JAM0145.png,1872,train
JAM/JAM0146.png,1873,val
JAM/JAM0147.png,1874,val
JAM/JAM0148.png,1875,train
JAM/JAM0149.png,1876,train
JAM/JAM0150.png,1877,test
JAM/JAM0151.png,1876,train
JAM/JAM0152.png,1878,train
JAM/JAM0153.png,1878,train
JAM/JAM0154.png,1879,train
JAM/JAM0155.png,1880,train
JAM/JAM0156.png,1881,train
JAM/JAM0157.png,1881,train
JAM/JAM0158.png,1878,train
JAM/JAM0159.png,1878,train
JAM/JAM0160.png,1878,train
JAM/JAM0161.png,1878,train
JAM/JAM0162.png,1878,train
JAM/JAM0163.png,1882,train
JAM/JAM0164.png,1883,val
JAM/JAM0165.png,1883,val
JAM/JAM0166.png,1883,val
JAM/JAM0167.png,1884,test
JAM/JAM0168.png,1885,train
JAM/JAM0169.png,1886,train
JAM/JAM0170.png,1887,train
JAM/JAM0171.png,1888,train
JAM/JAM0172.png,1889,val
JAM/JAM0173.png,1890,train
JAM/JAM0174.png,1891,train
JAM/JAM0175.png,1892,train
JAM/JAM0176.png,1893,train
JAM/JAM0177.png,1894,val
JAM/JAM0178.png,1895,val
JAM/JAM0179.png,1896,train
JAM/JAM0180.png,1897,train
JAM/JAM0181.png,1898,train
JAM/JAM0182.png,1899,train
JAM/JAM0183.png,1900,train
JAM/JAM0184.png,1901,train
JAM/JAM0185.png,1902,train
JAM/JAM0186.png,1903,val
JAM/JAM0187.png,1903,val
JAM/JAM0188.png,1904,val
JAM/JAM0189.png,1905,train
JAM/JAM0190.png,1906,train
JAM/JAM0191.png,1907,train
JAM/JAM0192.png,1908,test
JAM/JAM0193.png,1908,test
JAM/JAM0194.png,1909,val
JAM/JAM0195.png,1910,train
JAM/JAM0196.png,1911,train
JAM/JAM0197.png,1912,train
JAM/JAM0198.png,1913,train
JAM/JAM0199.png,1914,train
JAM/JAM0200.png,1914,train
JAM/JAM0201.png,1915,train
JAM/JAM0202.png,1916,val
JAM/JAM0203.png,1917,train
JAM/JAM0204.png,1918,test
JAM/JAM0205.png,1919,train
JAM/JAM0206.png,1920,train
JAM/JAM0207.png,1921,train
JAM/JAM0208.png,1922,train
JAM/JAM0209.png,1923,train
JAM/JAM0210.png,1924,train
JAM/JAM0211.png,1925,train
JAM/JAM0212.png,1926,train
JAM/JAM0213.png,1927,train
JAM/JAM0214.png,1928,train
JAM/JAM0215.png,1929,train
JAM/JAM0216.png,1930,val
JAM/JAM0217.png,1931,train
JAM/JAM0218.png,1932,train
JAM/JAM0219.png,1923,train
JAM/JAM0220.png,1933,val
JAM/JAM0221.png,1934,test
JAM/JAM0222.png,1935,test
JAM/JAM0223.png,1936,train
JAM/JAM0224.png,1937,train
JAM/JAM0225.png,1938,test
JAM/JAM0226.png,1939,train
JAM/JAM0227.png,1940,test
JAM/JAM0228.png,1941,test
JAM/JAM0229.png,1942,train
JAM/JAM0230.png,1942,train
JAM/JAM0231.png,1943,train
JAM/JAM0232.png,1944,train
JAM/JAM0233.png,1945,train
JAM/JAM0234.png,1946,test
JAM/JAM0235.png,1947,train
JAM/JAM0236.png,1948,train
JAM/JAM0237.png,1949,train
JAM/JAM0238.png,1950,val
JAM/JAM0239.png,1951,train
JAM/JAM0240.png,1952,test
JUICE/JUICE0000.png,1953,train
JUICE/JUICE0001.png,1954,train
JUICE/JUICE0002.png,1955,train
JUICE/JUICE0003.png,1956,test
JUICE/JUICE0004.png,1957,train
JUICE/JUICE0005.png,1958,test
JUICE/JUICE0006.png,1959,train
JUICE/JUICE0007.png,1954,train
JUICE/JUICE0008.png,1960,val
JUICE/JUICE0009.png,1961,train
JUICE/JUICE0010.png,1962,train
JUICE/JUICE0011.png,1963,train
JUICE/JUICE0012.png,1964,val
JUICE/JUICE0013.png,1965,train
JUICE/JUICE0014.png,1966,train
JUICE/JUICE0015.png,1967,test
JUICE/JUICE0016.png,1968,train
JUICE/JUICE0017.png,1969,test
JUICE/JUICE0018.png,1970,train
JUICE/JUICE0019.png,1971,train
JUICE/JUICE0020.png,1969,test
JUICE/JUICE0021.png,1972,val
JUICE/JUICE0022.png,1973,test
JUICE/JUICE0023.png,1974,train
JUICE/JUICE0024.png,1975,train
JUICE/JUICE0025.png,1976,train
JUICE/JUICE0026.png,1977,train
JUICE/JUICE0027.png,1977,train
JUICE/JUICE0028.png,1978,test
JUICE/JUICE0029.png,1979,train
JUICE/JUICE0030.png,1980,val
JUICE/JUICE0031.png,1981,val
JUICE/JUICE0032.png,1979,train
JUICE/JUICE0033.png,1982,train
JUICE/JUICE0034.png,1983,train
JUICE/JUICE0035.png,1984,train
JUICE/JUICE0036.png,1985,train
JUICE/JUICE0037.png,1986,train
JUICE/JUICE0038.png,1987,train
JUICE/JUICE0039.png,1988,train
JUICE/JUICE0040.png,1989,train
JUICE/JUICE0041.png,1990,train
JUICE/JUICE0042.png,1991,train
JUICE/JUICE0043.png,1992,train
JUICE/JUICE0044.png,1993,test
JUICE/JUICE0045.png,1994,val
JUICE/JUICE0046.png,1995,train
JUICE/JUICE0047.png,1996,train
JUICE/JUICE0048.png,1997,val
JUICE/JUICE0049.png,1998,train
JUICE/JUICE0050.png,1999,train
JUICE/JUICE0051.png,2000,test
JUICE/JUICE0052.png,2001,val
JUICE/JUICE0053.png,2002,test
JUICE/JUICE0054.png,2003,test
JUICE/JUICE0055.png,2004,train
JUICE/JUICE0056.png,2005,test
JUICE/JUICE0057.png,2006,train
JUICE/JUICE0058.png,2007,train
JUICE/JUICE0059.png,2008,val
JUICE/JUICE0060.png,2009,test
JUICE/JUICE0061.png,2010,test
JUICE/JUICE0062.png,2011,train
JUICE/JUICE0063.png,2012,train
JUICE/JUICE0064.png,2013,test
JUICE/JUICE0065.png,2014,train
JUICE/JUICE0066.png,2015,train
JUICE/JUICE0067.png,2016,train
JUICE/JUICE0068.png,2017,train
JUICE/JUICE0069.png,2018,test
JUICE/JUICE0070.png,2019,train
JUICE/JUICE0071.png,2020,train
JUICE/JUICE0072.png,2021,test
JUICE/JUICE0073.png,2022,train
JUICE/JUICE0074.png,2023,train
JUICE/JUICE0075.png,2024,val
JUICE/JUICE0076.png,2025,train
JUICE/JUICE0077.png,2026,train
JUICE/JUICE0078.png,2027,val
JUICE/JUICE0079.png,2028,train
JUICE/JUICE0080.png,2015,train
JUICE/JUICE0081.png,2029,test
JUICE/JUICE0082.png,2030,train
JUICE/JUICE0083.png,2031,test
JUICE/JUICE0084.png,2014,train
JUICE/JUICE0085.png,2032,train
JUICE/JUICE0086.png,2033,train
JUICE/JUICE0087.png,2034,train
JUICE/JUICE0088.png,2035,train
JUICE/JUICE0089.png,2036,train
JUICE/JUICE0090.png,2036,train
JUICE/JUICE0091.png,2036,train
JUICE/JUICE0092.png,2037,train
JUICE/JUICE0093.png,2037,train
JUICE/JUICE0094.png,2038,train
JUICE/JUICE0095.png,2039,train
JUICE/JUICE0096.png,2040,train
JUICE/JUICE0097.png,2041,train
JUICE/JUICE0098.png,2042,test
JUICE/JUICE0099.png,2043,train
JUICE/JUICE0100.png,2044,train
JUICE/JUICE0101.png,2044,train
JUICE/JUICE0102.png,2045,train
JUICE/JUICE0103.png,2046,train
JUICE/JUICE0104.png,2047,test
JUICE/JUICE0105.png,2047,test
JUICE/JUICE0106.png,2047,test
JUICE/JUICE0107.png,2048,train
JUICE/JUICE0108.png,2049,train
JUICE/JUICE0109.png,2048,train
JUICE/JUICE0110.png,2048,train
JUICE/JUICE0111.png,2050,test
JUICE/JUICE0112.png,2050,test
JUICE/JUICE0113.png,2051,train
JUICE/JUICE0114.png,2052,train
JUICE/JUICE0115.png,1965,train
JUICE/JUICE0116.png,1965,train
JUICE/JUICE0117.png,1965,train
JUICE/JUICE0118.png,1965,train
JUICE/JUICE0119.png,1965,train
JUICE/JUICE0120.png,1965,train
JUICE/JUICE0121.png,2053,val
JUICE/JUICE0122.png,2054,test
JUICE/JUICE0123.png,2055,train
JUICE/JUICE0124.png,2056,train
JUICE/JUICE0125.png,2056,train
JUICE/JUICE0126.png,2057,val
JUICE/JUICE0127.png,2058,val
JUICE/JUICE0128.png,2059,train
JUICE/JUICE0129.png,1969,test
JUICE/JUICE0130.png,2060,val
JUICE/JUICE0131.png,2061,train
JUICE/JUICE0132.png,2061,train
JUICE/JUICE0133.png,2061,train
JUICE/JUICE0134.png,2061,train
JUICE/JUICE0135.png,2062,train
JUICE/JUICE0136.png,2062,train
JUICE/JUICE0137.png,2063,val
JUICE/JUICE0138.png,2063,val
JUICE/JUICE0139.png,2064,train
JUICE/JUICE0140.png,2065,train
JUICE/JUICE0141.png,2066,train
JUICE/JUICE0142.png,2067,val
JUICE/JUICE0143.png,2068,train
JUICE/JUICE0144.png,2024,val
JUICE/JUICE0145.png,2069,train
JUICE/JUICE0146.png,2070,train
JUICE/JUICE0147.png,2071,train
JUICE/JUICE0148.png,2072,train
JUICE/JUICE0149.png,2073,train
JUICE/JUICE0150.png,2074,train
JUICE/JUICE0151.png,2075,val
JUICE/JUICE0152.png,2076,train
JUICE/JUICE0153.png,2077,train
JUICE/JUICE0154.png,2077,train
JUICE/JUICE0155.png,2078,train
JUICE/JUICE0156.png,2079,train
JUICE/JUICE0157.png,2080,val
JUICE/JUICE0158.png,2080,val
JUICE/JUICE0159.png,2081,train
JUICE/JUICE0160.png,2082,train
JUICE/JUICE0161.png,2083,val
JUICE/JUICE0162.png,2084,train
JUICE/JUICE0163.png,2085,train
JUICE/JUICE0164.png,2086,val
JUICE/JUICE0165.png,2086,val
JUICE/JUICE0166.png,2087,train
JUICE/JUICE0167.png,2088,train
JUICE/JUICE0168.png,2089,test
JUICE/JUICE0169.png,2090,train
JUICE/JUICE0170.png,2091,train
JUICE/JUICE0171.png,2092,train
JUICE/JUICE0172.png,2093,train
JUICE/JUICE0173.png,1965,train
JUICE/JUICE0174.png,2094,train
JUICE/JUICE0175.png,2095,train
JUICE/JUICE0176.png,2096,val
JUICE/JUICE0177.png,2097,train
JUICE/JUICE0178.png,2098,val
JUICE/JUICE0179.png,2099,train
JUICE/JUICE0180.png,2100,val
JUICE/JUICE0181.png,2101,val
JUICE/JUICE0182.png,2102,test
JUICE/JUICE0183.png,2103,test
JUICE/JUICE0184.png,2104,train
JUICE/JUICE0185.png,2105,train
JUICE/JUICE0186.png,2106,val
JUICE/JUICE0187.png,2107,train
JUICE/JUICE0188.png,2108,train
JUICE/JUICE0189.png,2109,train
JUICE/JUICE0190.png,2110,train
JUICE/JUICE0191.png,2111,train
JUICE/JUICE0192.png,2112,val
JUICE/JUICE0193.png,2113,train
JUICE/JUICE0194.png,2114,train
JUICE/JUICE0195.png,2115,train
JUICE/JUICE0196.png,2115,train
JUICE/JUICE0197.png,2115,train
JUICE/JUICE0198.png,2116,train
JUICE/JUICE0199.png,2117,train
JUICE/JUICE0200.png,2118,test
JUICE/JUICE0201.png,2119,train
JUICE/JUICE0202.png,2120,val
JUICE/JUICE0203.png,2121,val
JUICE/JUICE0204.png,2122,train
JUICE/JUICE0205.png,2123,test
JUICE/JUICE0206.png,2124,val
JUICE/JUICE0207.png,2125,test
JUICE/JUICE0208.png,2126,test
JUICE/JUICE0209.png,2127,train
JUICE/JUICE0210.png,2128,train
JUICE/JUICE0211.png,2129,val
JUICE/JUICE0212.png,2130,train
JUICE/JUICE0213.png,2131,train
JUICE/JUICE0214.png,2132,train
JUICE/JUICE0215.png,2133,train
JUICE/JUICE0216.png,2134,train
JUICE/JUICE0217.png,1969,test
JUICE/JUICE0218.png,2135,train
JUICE/JUICE0219.png,2136,val
JUICE/JUICE0220.png,2137,train
JUICE/JUICE0221.png,2138,train
JUICE/JUICE0222.png,2139,train
JUICE/JUICE0223.png,2140,train
JUICE/JUICE0224.png,2141,train
JUICE/JUICE0225.png,2142,test
JUICE/JUICE0226.png,2143,train
JUICE/JUICE0227.png,2144,train
JUICE/JUICE0228.png,2145,train
JUICE/JUICE0229.png,2146,train
JUICE/JUICE0230.png,2147,test
JUICE/JUICE0231.png,2148,train
JUICE/JUICE0232.png,2149,train
JUICE/JUICE0233.png,2150,train
JUICE/JUICE0234.png,1969,test
JUICE/JUICE0235.png,2151,train
JUICE/JUICE0236.png,2152,train
JUICE/JUICE0237.png,1969,test
JUICE/JUICE0238.png,2153,train
JUICE/JUICE0239.png,2154,val
JUICE/JUICE0240.png,2155,val
JUICE/JUICE0241.png,2156,train
JUICE/JUICE0242.png,2157,train
JUICE/JUICE0243.png,2147,test
JUICE/JUICE0244.png,2158,train
JUICE/JUICE0245.png,2159,train
JUICE/JUICE0246.png,2144,train
JUICE/JUICE0247.png,2160,train
JUICE/JUICE0248.png,2161,train
JUICE/JUICE0249.png,2162,train
JUICE/JUICE0250.png,2022,train
JUICE/JUICE0251.png,2163,train
JUICE/JUICE0252.png,1969,test
JUICE/JUICE0253.png,2164,train
JUICE/JUICE0254.png,2165,train
JUICE/JUICE0255.png,2166,train
JUICE/JUICE0256.png,1969,test
JUICE/JUICE0257.png,2167,train
JUICE/JUICE0258.png,2168,train
JUICE/JUICE0259.png,2169,test
JUICE/JUICE0260.png,2170,train
JUICE/JUICE0261.png,2171,train
JUICE/JUICE0262.png,2172,train
JUICE/JUICE0263.png,2173,val
JUICE/JUICE0264.png,2174,train
JUICE/JUICE0265.png,2147,test
JUICE/JUICE0266.png,2175,train
JUICE/JUICE0267.png,2158,train
JUICE/JUICE0268.png,2150,train
JUICE/JUICE0269.png,2176,train
JUICE/JUICE0270.png,2177,train
JUICE/JUICE0271.png,2178,train
JUICE/JUICE0272.png,2179,train
JUICE/JUICE0273.png,1977,train
JUICE/JUICE0274.png,1977,train
JUICE/JUICE0275.png,2180,train
JUICE/JUICE0276.png,2180,train
JUICE/JUICE0277.png,2181,val
JUICE/JUICE0278.png,2180,train
JUICE/JUICE0279.png,2182,train
JUICE/JUICE0280.png,2183,val
JUICE/JUICE0281.png,2184,train
JUICE/JUICE0282.png,2185,test
JUICE/JUICE0283.png,2186,train
JUICE/JUICE0284.png,2187,train
JUICE/JUICE0285.png,2188,train
JUICE/JUICE0286.png,2189,val
JUICE/JUICE0287.png,2190,train
JUICE/JUICE0288.png,2191,val
JUICE/JUICE0289.png,2192,test
JUICE/JUICE0290.png,2193,train
JUICE/JUICE0291.png,2194,train
JUICE/JUICE0292.png,2195,train
JUICE/JUICE0293.png,2196,train
JUICE/JUICE0294.png,2197,train
JUICE/JUICE0295.png,2198,train
JUICE/JUICE0296.png,2199,val
JUICE/JUICE0297.png,2200,val
JUICE/JUICE0298.png,2201,train
JUICE/JUICE0299.png,2202,train
JUICE/JUICE0300.png,2201,train
JUICE/JUICE0301.png,2201,train
MILK/MILK0000.png,2203,train
MILK/MILK0001.png,2204,train
MILK/MILK0002.png,2205,val
MILK/MILK0003.png,2206,train
MILK/MILK0004.png,2207,val
MILK/MILK0005.png,2208,train
MILK/MILK0006.png,2209,val
MILK/MILK0007.png,2210,train
MILK/MILK0008.png,2211,test
MILK/MILK0009.png,2212,test
MILK/MILK0010.png,2213,train
MILK/MILK0011.png,2214,train
MILK/MILK0012.png,2215,test
MILK/MILK0013.png,2216,train
MILK/MILK0014.png,2217,train
MILK/MILK0015.png,2218,train
MILK/MILK0016.png,2219,test
MILK/MILK0017.png,2220,train
MILK/MILK0018.png,2221,test
MILK/MILK0019.png,2222,train
MILK/MILK0020.png,2223,train
MILK/MILK0021.png,2224,train
MILK/MILK0022.png,2225,train
MILK/MILK0023.png,2226,train
MILK/MILK0024.png,2227,train
MILK/MILK0025.png,2228,train
MILK/MILK0026.png,2229,train
MILK/MILK0027.png,2230,train
MILK/MILK0028.png,2231,train
MILK/MILK0029.png,2229,train
MILK/MILK0030.png,2232,train
MILK/MILK0031.png,2233,train
MILK/MILK0032.png,2234,test
MILK/MILK0033.png,2235,train
MILK/MILK0034.png,2236,test
MILK/MILK0035.png,2237,train
MILK/MILK0036.png,2238,val
MILK/MILK0037.png,2239,train
MILK/MILK0038.png,2240,test
MILK/MILK0039.png,2241,train
MILK/MILK0040.png,2241,train
MILK/MILK0041.png,2242,test
MILK/MILK0042.png,2243,val
MILK/MILK0043.png,2244,train
MILK/MILK0044.png,2245,train
MILK/MILK0045.png,2245,train
MILK/MILK0046.png,2246,train
MILK/MILK0047.png,2247,train
MILK/MILK0048.png,2248,train
MILK/MILK0049.png,2249,train
MILK/MILK0050.png,2249,train
MILK/MILK0051.png,2250,val
MILK/MILK0052.png,2251,train
MILK/MILK0053.png,2252,train
MILK/MILK0054.png,2253,test
MILK/MILK0055.png,2214,train
MILK/MILK0056.png,2214,train
MILK/MILK0057.png,2214,train
MILK/MILK0058.png,2254,train
MILK/MILK0059.png,2254,train
MILK/MILK0060.png,2254,train
MILK/MILK0061.png,2255,test
MILK/MILK0062.png,2256,test
MILK/MILK0063.png,2257,val
MILK/MILK0064.png,2258,train
MILK/MILK0065.png,2258,train
MILK/MILK0066.png,2259,train
MILK/MILK0067.png,2260,val
MILK/MILK0068.png,2261,train
MILK/MILK0069.png,2262,train
MILK/MILK0070.png,2263,train
MILK/MILK0071.png,2264,train
MILK/MILK0072.png,2215,test
MILK/MILK0073.png,2265,test
MILK/MILK0074.png,2215,test
MILK/MILK0075.png,2266,train
MILK/MILK0076.png,2267,test
MILK/MILK0077.png,2268,train
MILK/MILK0078.png,2269,train
MILK/MILK0079.png,2270,train
MILK/MILK0080.png,2271,test
MILK/MILK0081.png,2272,train
MILK/MILK0082.png,2273,train
MILK/MILK0083.png,2274,train
MILK/MILK0084.png,2274,train
MILK/MILK0085.png,2275,val
MILK/MILK0086.png,2276,train
MILK/MILK0087.png,2277,train
MILK/MILK0088.png,2278,train
MILK/MILK0089.png,2276,train
MILK/MILK0090.png,2279,train
MILK/MILK0091.png,2280,train
MILK/MILK0092.png,2281,val
MILK/MILK0093.png,2282,val
MILK/MILK0094.png,2283,train
MILK/MILK0095.png,2284,train
MILK/MILK0096.png,2284,train
MILK/MILK0097.png,2284,train
MILK/MILK0098.png,2285,val
MILK/MILK0099.png,2285,val
MILK/MILK0100.png,2286,val
MILK/MILK0101.png,2287,test
MILK/MILK0102.png,2288,train
MILK/MILK0103.png,2289,train
MILK/MILK0104.png,2290,val
MILK/MILK0105.png,2274,train
MILK/MILK0106.png,2271,test
MILK/MILK0107.png,2291,train
MILK/MILK0108.png,2291,train
MILK/MILK0109.png,2292,val
MILK/MILK0110.png,2292,val
MILK/MILK0111.png,2292,val
MILK/MILK0112.png,2293,val
MILK/MILK0113.png,2293,val
MILK/MILK0114.png,2214,train
MILK/MILK0115.png,2214,train
MILK/MILK0116.png,2294,test
MILK/MILK0117.png,2295,train
MILK/MILK0118.png,2296,test
MILK/MILK0119.png,2297,train
MILK/MILK0120.png,2298,test
MILK/MILK0121.png,2299,train
MILK/MILK0122.png,2299,train
MILK/MILK0123.png,2299,train
MILK/MILK0124.png,2300,train
MILK/MILK0125.png,2300,train
MILK/MILK0126.png,2301,train
MILK/MILK0127.png,2302,val
MILK/MILK0128.png,2302,val
MILK/MILK0129.png,2303,train
MILK/MILK0130.png,2304,train
MILK/MILK0131.png,2304,train
MILK/MILK0132.png,2304,train
MILK/MILK0133.png,2304,train
MILK/MILK0134.png,2305,train
MILK/MILK0135.png,2306,train
MILK/MILK0136.png,2307,val
MILK/MILK0137.png,2308,val
MILK/MILK0138.png,2308,val
MILK/MILK0139.png,2309,train
MILK/MILK0140.png,2310,train
MILK/MILK0141.png,2214,train
MILK/MILK0142.png,2222,train
MILK/MILK0143.png,2222,train
MILK/MILK0144.png,2222,train
MILK/MILK0145.png,2222,train
MILK/MILK0146.png,2222,train
MILK/MILK0147.png,2254,train
MILK/MILK0148.png,2311,test
MILK/MILK0149.png,2312,test
MILK/MILK0150.png,2249,train
MILK/MILK0151.png,2313,train
MILK/MILK0152.png,2314,train
MILK/MILK0153.png,2313,train
MILK/MILK0154.png,2315,train
MILK/MILK0155.png,2316,train
MILK/MILK0156.png,2316,train
MILK/MILK0157.png,2317,train
MILK/MILK0158.png,2318,train
MILK/MILK0159.png,2319,train
MILK/MILK0160.png,2320,val
MILK/MILK0161.png,2214,train
NUTS/NUTS0000.png,2321,test
NUTS/NUTS0001.png,2322,train
NUTS/NUTS0002.png,2323,train
NUTS/NUTS0003.png,2324,train
NUTS/NUTS0004.png,2325,test
NUTS/NUTS0005.png,2326,train
NUTS/NUTS0006.png,2327,test
NUTS/NUTS0007.png,2328,val
NUTS/NUTS0008.png,2329,train
NUTS/NUTS0009.png,2330,test
NUTS/NUTS0010.png,2331,train
NUTS/NUTS0011.png,2332,train
NUTS/NUTS0012.png,2333,train
NUTS/NUTS0013.png,2334,test
NUTS/NUTS0014.png,2335,train
NUTS/NUTS0015.png,2336,test
NUTS/NUTS0016.png,2337,train
NUTS/NUTS0017.png,2338,train
NUTS/NUTS0018.png,2339,train
NUTS/NUTS0019.png,2340,val
NUTS/NUTS0020.png,2341,train
NUTS/NUTS0021.png,2342,train
NUTS/NUTS0022.png,2339,train
NUTS/NUTS0023.png,2343,train
NUTS/NUTS0024.png,2344,test
NUTS/NUTS0025.png,2345,test
NUTS/NUTS0026.png,2346,train
NUTS/NUTS0027.png,2347,train
NUTS/NUTS0028.png,2345,test
NUTS/NUTS0029.png,2348,train
NUTS/NUTS0030.png,2349,val
NUTS/NUTS0031.png,2350,train
NUTS/NUTS0032.png,2339,train
NUTS/NUTS0033.png,2351,train
NUTS/NUTS0034.png,2352,train
NUTS/NUTS0035.png,2353,train
NUTS/NUTS0036.png,2354,val
NUTS/NUTS0037.png,2355,test
NUTS/NUTS0038.png,2356,val
NUTS/NUTS0039.png,2357,test
NUTS/NUTS0040.png,2347,train
NUTS/NUTS0041.png,2358,train
NUTS/NUTS0042.png,2359,test
NUTS/NUTS0043.png,2360,train
NUTS/NUTS0044.png,2354,val
NUTS/NUTS0045.png,2349,val
NUTS/NUTS0046.png,2361,train
NUTS/NUTS0047.png,2353,train
NUTS/NUTS0048.png,2339,train
NUTS/NUTS0049.png,2362,train
NUTS/NUTS0050.png,2363,val
NUTS/NUTS0051.png,2364,train
NUTS/NUTS0052.png,2365,val
NUTS/NUTS0053.png,2366,val
NUTS/NUTS0054.png,2367,train
NUTS/NUTS0055.png,2368,test
NUTS/NUTS0056.png,2369,val
NUTS/NUTS0057.png,2370,train
NUTS/NUTS0058.png,2371,val
NUTS/NUTS0059.png,2372,train
NUTS/NUTS0060.png,2373,train
NUTS/NUTS0061.png,2374,train
NUTS/NUTS0062.png,2375,train
NUTS/NUTS0063.png,2376,train
NUTS/NUTS0064.png,2377,train
NUTS/NUTS0065.png,2378,train
NUTS/NUTS0066.png,2379,test
NUTS/NUTS0067.png,2380,train
NUTS/NUTS0068.png,2381,train
NUTS/NUTS0069.png,2382,train
NUTS/NUTS0070.png,2383,test
NUTS/NUTS0071.png,2384,test
NUTS/NUTS0072.png,2385,test
NUTS/NUTS0073.png,2386,train
NUTS/NUTS0074.png,2386,train
NUTS/NUTS0075.png,2387,val
NUTS/NUTS0076.png,2386,train
NUTS/NUTS0077.png,2388,train
NUTS/NUTS0078.png,2389,train
NUTS/NUTS0079.png,2390,train
NUTS/NUTS0080.png,2391,train
NUTS/NUTS0081.png,2392,train
NUTS/NUTS0082.png,2393,train
NUTS/NUTS0083.png,2394,train
NUTS/NUTS0084.png,2395,train
NUTS/NUTS0085.png,2396,train
NUTS/NUTS0086.png,2397,train
NUTS/NUTS0087.png,2398,train
NUTS/NUTS0088.png,2399,val
NUTS/NUTS0089.png,2400,test
NUTS/NUTS0090.png,2401,train
NUTS/NUTS0091.png,2402,train
NUTS/NUTS0092.png,2403,train
NUTS/NUTS0093.png,2404,train
NUTS/NUTS0094.png,2405,val
NUTS/NUTS0095.png,2406,train
NUTS/NUTS0096.png,2407,train
NUTS/NUTS0097.png,2408,train
NUTS/NUTS0098.png,2409,train
NUTS/NUTS0099.png,2410,train
NUTS/NUTS0100.png,2411,val
NUTS/NUTS0101.png,2412,val
NUTS/NUTS0102.png,2413,train
NUTS/NUTS0103.png,2414,train
NUTS/NUTS0104.png,2415,train
NUTS/NUTS0105.png,2416,train
NUTS/NUTS0106.png,2417,train
NUTS/NUTS0107.png,2418,train
NUTS/NUTS0108.png,2419,train
NUTS/NUTS0109.png,2420,train
NUTS/NUTS0110.png,2421,val
NUTS/NUTS0111.png,2422,test
NUTS/NUTS0112.png,2423,train
NUTS/NUTS0113.png,2424,train
NUTS/NUTS0114.png,2425,train
NUTS/NUTS0115.png,2426,train
NUTS/NUTS0116.png,2427,val
NUTS/NUTS0117.png,2428,train
NUTS/NUTS0118.png,2429,train
NUTS/NUTS0119.png,2430,train
NUTS/NUTS0120.png,2431,test
NUTS/NUTS0121.png,2432,test
NUTS/NUTS0122.png,2433,train
NUTS/NUTS0123.png,2434,train
NUTS/NUTS0124.png,2435,train
NUTS/NUTS0125.png,2436,train
NUTS/NUTS0126.png,2437,train
NUTS/NUTS0127.png,2438,train
NUTS/NUTS0128.png,2439,val
NUTS/NUTS0129.png,2440,train
NUTS/NUTS0130.png,2441,train
NUTS/NUTS0131.png,2442,train
NUTS/NUTS0132.png,2443,train
NUTS/NUTS0133.png,2444,test
NUTS/NUTS0134.png,2445,train
NUTS/NUTS0135.png,2446,train
NUTS/NUTS0136.png,2447,test
NUTS/NUTS0137.png,2448,val
NUTS/NUTS0138.png,2449,train
NUTS/NUTS0139.png,2450,train
NUTS/NUTS0140.png,2451,train
NUTS/NUTS0141.png,2452,val
NUTS/NUTS0142.png,2453,train
NUTS/NUTS0143.png,2454,train
NUTS/NUTS0144.png,2455,test
NUTS/NUTS0145.png,2456,train
NUTS/NUTS0146.png,2457,train
NUTS/NUTS0147.png,2458,val
NUTS/NUTS0148.png,2459,train
NUTS/NUTS0149.png,2460,train
NUTS/NUTS0150.png,2461,train
NUTS/NUTS0151.png,2462,val
NUTS/NUTS0152.png,2463,train
NUTS/NUTS0153.png,2464,train
NUTS/NUTS0154.png,2465,train
NUTS/NUTS0155.png,2466,train
NUTS/NUTS0156.png,2467,train
NUTS/NUTS0157.png,2468,train
NUTS/NUTS0158.png,2469,test
NUTS/NUTS0159.png,2470,train
NUTS/NUTS0160.png,2471,test
NUTS/NUTS0161.png,2472,train
NUTS/NUTS0162.png,2473,train
NUTS/NUTS0163.png,2474,train
NUTS/NUTS0164.png,2475,val
NUTS/NUTS0165.png,2474,train
NUTS/NUTS0166.png,2476,train
NUTS/NUTS0167.png,2477,train
OIL/OIL0000.png,2478,train
OIL/OIL0001.png,2479,train
OIL/OIL0002.png,2480,val
OIL/OIL0003.png,2481,train
OIL/OIL0004.png,2482,test
OIL/OIL0005.png,2483,val
OIL/OIL0006.png,2484,train
OIL/OIL0007.png,2485,test
OIL/OIL0008.png,2486,train
OIL/OIL0009.png,2484,train
OIL/OIL0010.png,2487,train
OIL/OIL0011.png,2488,train
OIL/OIL0012.png,2489,val
OIL/OIL0013.png,2490,train
OIL/OIL0014.png,2491,test
OIL/OIL0015.png,2486,train
OIL/OIL0016.png,2492,test
OIL/OIL0017.png,2493,train
OIL/OIL0018.png,2494,test
OIL/OIL0019.png,2495,train
OIL/OIL0020.png,2496,train
OIL/OIL0021.png,2497,train
OIL/OIL0022.png,2498,train
OIL/OIL0023.png,2499,train
OIL/OIL0024.png,2500,val
OIL/OIL0025.png,2501,train
OIL/OIL0026.png,2501,train
OIL/OIL0027.png,2502,train
OIL/OIL0028.png,2503,train
OIL/OIL0029.png,2504,train
OIL/OIL0030.png,2505,train
OIL/OIL0031.png,2506,test
OIL/OIL0032.png,2506,test
OIL/OIL0033.png,2507,train
OIL/OIL0034.png,2507,train
OIL/OIL0035.png,2508,train
OIL/OIL0036.png,2505,train
OIL/OIL0037.png,2507,train
OIL/OIL0038.png,2507,train
OIL/OIL0039.png,2509,val
OIL/OIL0040.png,2510,train
OIL/OIL0041.png,2505,train
OIL/OIL0042.png,2511,val
OIL/OIL0043.png,2512,test
OIL/OIL0044.png,2513,train
OIL/OIL0045.png,2512,test
OIL/OIL0046.png,2514,train
OIL/OIL0047.png,2515,train
OIL/OIL0048.png,2516,train
OIL/OIL0049.png,2517,test
OIL/OIL0050.png,2518,train
OIL/OIL0051.png,2519,train
OIL/OIL0052.png,2520,train
OIL/OIL0053.png,2515,train
OIL/OIL0054.png,2521,train
OIL/OIL0055.png,2522,test
OIL/OIL0056.png,2523,val
OIL/OIL0057.png,2523,val
OIL/OIL0058.png,2524,train
OIL/OIL0059.png,2525,val
OIL/OIL0060.png,2526,train
OIL/OIL0061.png,2527,train
OIL/OIL0062.png,2528,val
OIL/OIL0063.png,2529,train
OIL/OIL0064.png,2530,train
OIL/OIL0065.png,2530,train
OIL/OIL0066.png,2531,train
OIL/OIL0067.png,2531,train
OIL/OIL0068.png,2531,train
OIL/OIL0069.png,2532,train
OIL/OIL0070.png,2533,train
OIL/OIL0071.png,2534,test
OIL/OIL0072.png,2535,train
OIL/OIL0073.png,2536,train
OIL/OIL0074.png,2536,train
OIL/OIL0075.png,2537,test
OIL/OIL0076.png,2538,test
OIL/OIL0077.png,2538,test
OIL/OIL0078.png,2539,val
OIL/OIL0079.png,2539,val
OIL/OIL0080.png,2539,val
OIL/OIL0081.png,2540,test
OIL/OIL0082.png,2541,train
OIL/OIL0083.png,2542,train
OIL/OIL0084.png,2543,test
OIL/OIL0085.png,2543,test
OIL/OIL0086.png,2544,val
OIL/OIL0087.png,2545,train
OIL/OIL0088.png,2545,train
OIL/OIL0089.png,2545,train
OIL/OIL0090.png,2546,train
OIL/OIL0091.png,2546,train
OIL/OIL0092.png,2547,train
OIL/OIL0093.png,2548,test
OIL/OIL0094.png,2549,test
OIL/OIL0095.png,2550,train
OIL/OIL0096.png,2551,train
OIL/OIL0097.png,2551,train
OIL/OIL0098.png,2552,train
OIL/OIL0099.png,2553,train
OIL/OIL0100.png,2554,train
OIL/OIL0101.png,2555,train
OIL/OIL0102.png,2556,val
OIL/OIL0103.png,2557,train
OIL/OIL0104.png,2557,train
OIL/OIL0105.png,2558,train
OIL/OIL0106.png,2559,val
OIL/OIL0107.png,2560,train
OIL/OIL0108.png,2561,train
OIL/OIL0109.png,2561,train
OIL/OIL0110.png,2562,val
OIL/OIL0111.png,2562,val
OIL/OIL0112.png,2563,train
OIL/OIL0113.png,2564,train
OIL/OIL0114.png,2565,train
OIL/OIL0115.png,2565,train
OIL/OIL0116.png,2566,test
OIL/OIL0117.png,2567,train
OIL/OIL0118.png,2567,train
OIL/OIL0119.png,2568,train
OIL/OIL0120.png,2569,train
OIL/OIL0121.png,2570,test
OIL/OIL0122.png,2571,train
OIL/OIL0123.png,2572,train
OIL/OIL0124.png,2573,train
OIL/OIL0125.png,2574,val
OIL/OIL0126.png,2575,train
OIL/OIL0127.png,2576,train
OIL/OIL0128.png,2577,train
OIL/OIL0129.png,2578,train
OIL/OIL0130.png,2579,train
OIL/OIL0131.png,2579,train
OIL/OIL0132.png,2579,train
OIL/OIL0133.png,2580,val
OIL/OIL0134.png,2581,train
OIL/OIL0135.png,2582,train
OIL/OIL0136.png,2562,val
OIL/OIL0137.png,2562,val
OIL/OIL0138.png,2583,train
OIL/OIL0139.png,2584,train
OIL/OIL0140.png,2585,train
OIL/OIL0141.png,2586,train
OIL/OIL0142.png,2587,train
PASTA/PASTA0000.png,2588,train
PASTA/PASTA0001.png,2589,train
PASTA/PASTA0002.png,2590,train
PASTA/PASTA0003.png,2591,train
PASTA/PASTA0004.png,2592,train
PASTA/PASTA0005.png,2593,val
PASTA/PASTA0006.png,2594,train
PASTA/PASTA0007.png,2595,val
PASTA/PASTA0008.png,2596,train
PASTA/PASTA0009.png,2597,test
PASTA/PASTA0010.png,2598,train
PASTA/PASTA0011.png,2599,train
PASTA/PASTA0012.png,2600,test
PASTA/PASTA0013.png,2601,val
PASTA/PASTA0014.png,2602,train
PASTA/PASTA0015.png,2603,test
PASTA/PASTA0016.png,2604,train
PASTA/PASTA0017.png,2605,test
PASTA/PASTA0018.png,2606,test
PASTA/PASTA0019.png,2607,train
PASTA/PASTA0020.png,2596,train
PASTA/PASTA0021.png,2608,train
PASTA/PASTA0022.png,2609,train
PASTA/PASTA0023.png,2610,train
PASTA/PASTA0024.png,2611,train
PASTA/PASTA0025.png,2612,train
PASTA/PASTA0026.png,2613,train
PASTA/PASTA0027.png,2614,train
PASTA/PASTA0028.png,2615,train
PASTA/PASTA0029.png,2616,train
PASTA/PASTA0030.png,2595,val
PASTA/PASTA0031.png,2617,train
PASTA/PASTA0032.png,2618,test
PASTA/PASTA0033.png,2619,val
PASTA/PASTA0034.png,2620,train
PASTA/PASTA0035.png,2621,train
PASTA/PASTA0036.png,2622,train
PASTA/PASTA0037.png,2623,val
PASTA/PASTA0038.png,2598,train
PASTA/PASTA0039.png,2624,train
PASTA/PASTA0040.png,2625,train
PASTA/PASTA0041.png,2626,train
PASTA/PASTA0042.png,2627,val
PASTA/PASTA0043.png,2628,train
PASTA/PASTA0044.png,2629,train
PASTA/PASTA0045.png,2630,train
PASTA/PASTA0046.png,2631,test
PASTA/PASTA0047.png,2632,train
PASTA/PASTA0048.png,2633,train
PASTA/PASTA0049.png,2634,train
PASTA/PASTA0050.png,2635,train
PASTA/PASTA0051.png,2636,train
PASTA/PASTA0052.png,2637,train
PASTA/PASTA0053.png,2638,test
PASTA/PASTA0054.png,2639,val
PASTA/PASTA0055.png,2640,train
PASTA/PASTA0056.png,2641,train
PASTA/PASTA0057.png,2642,train
PASTA/PASTA0058.png,2618,test
PASTA/PASTA0059.png,2618,test
PASTA/PASTA0060.png,2618,test
PASTA/PASTA0061.png,2618,test
PASTA/PASTA0062.png,2643,test
PASTA/PASTA0063.png,2644,train
PASTA/PASTA0064.png,2645,train
PASTA/PASTA0065.png,2646,train
PASTA/PASTA0066.png,2647,train
PASTA/PASTA0067.png,2648,train
PASTA/PASTA0068.png,2649,train
PASTA/PASTA0069.png,2650,train
PASTA/PASTA0070.png,2651,val
PASTA/PASTA0071.png,2652,train
PASTA/PASTA0072.png,2653,train
PASTA/PASTA0073.png,2654,test
PASTA/PASTA0074.png,2655,val
PASTA/PASTA0075.png,2656,val
PASTA/PASTA0076.png,2657,train
PASTA/PASTA0077.png,2658,train
PASTA/PASTA0078.png,2659,train
PASTA/PASTA0079.png,2660,test
PASTA/PASTA0080.png,2661,test
PASTA/PASTA0081.png,2662,test
PASTA/PASTA0082.png,2663,val
PASTA/PASTA0083.png,2664,train
PASTA/PASTA0084.png,2665,train
PASTA/PASTA0085.png,2666,train
PASTA/PASTA0086.png,2667,train
PASTA/PASTA0087.png,2668,test
PASTA/PASTA0088.png,2669,val
PASTA/PASTA0089.png,2670,train
PASTA/PASTA0090.png,2671,train
PASTA/PASTA0091.png,2593,val
PASTA/PASTA0092.png,2672,train
PASTA/PASTA0093.png,2673,train
PASTA/PASTA0094.png,2672,train
PASTA/PASTA0095.png,2674,train
PASTA/PASTA0096.png,2675,train
PASTA/PASTA0097.png,2675,train
PASTA/PASTA0098.png,2676,val
PASTA/PASTA0099.png,2677,val
PASTA/PASTA0100.png,2678,train
PASTA/PASTA0101.png,2679,train
PASTA/PASTA0102.png,2680,train
PASTA/PASTA0103.png,2681,val
PASTA/PASTA0104.png,2682,train
PASTA/PASTA0105.png,2683,train
PASTA/PASTA0106.png,2683,train
PASTA/PASTA0107.png,2684,test
PASTA/PASTA0108.png,2685,train
PASTA/PASTA0109.png,2686,test
PASTA/PASTA0110.png,2686,test
PASTA/PASTA0111.png,2687,val
PASTA/PASTA0112.png,2688,train
PASTA/PASTA0113.png,2689,test
PASTA/PASTA0114.png,2690,train
PASTA/PASTA0115.png,2691,train
PASTA/PASTA0116.png,2692,val
PASTA/PASTA0117.png,2693,train
PASTA/PASTA0118.png,2694,train
PASTA/PASTA0119.png,2695,test
PASTA/PASTA0120.png,2696,val
PASTA/PASTA0121.png,2697,train
PASTA/PASTA0122.png,2697,train
PASTA/PASTA0123.png,2698,train
PASTA/PASTA0124.png,2699,test
PASTA/PASTA0125.png,2700,train
PASTA/PASTA0126.png,2701,train
PASTA/PASTA0127.png,2702,train
PASTA/PASTA0128.png,2703,train
PASTA/PASTA0129.png,2704,train
PASTA/PASTA0130.png,2705,train
PASTA/PASTA0131.png,2705,train
PASTA/PASTA0132.png,2705,train
PASTA/PASTA0133.png,2706,train
PASTA/PASTA0134.png,2705,train
PASTA/PASTA0135.png,2705,train
PASTA/PASTA0136.png,2707,val
PASTA/PASTA0137.png,2708,train
PASTA/PASTA0138.png,2709,train
PASTA/PASTA0139.png,2710,test
PASTA/PASTA0140.png,2711,train
PASTA/PASTA0141.png,2712,train
PASTA/PASTA0142.png,2598,train
PASTA/PASTA0143.png,2713,train
PASTA/PASTA0144.png,2714,train
PASTA/PASTA0145.png,2715,val
PASTA/PASTA0146.png,2715,val
PASTA/PASTA0147.png,2716,train
PASTA/PASTA0148.png,2717,train
PASTA/PASTA0149.png,2718,train
PASTA/PASTA0150.png,2719,train
PASTA/PASTA0151.png,2720,train
PASTA/PASTA0152.png,2721,train
PASTA/PASTA0153.png,2722,test
PASTA/PASTA0154.png,2723,train
PASTA/PASTA0155.png,2724,val
PASTA/PASTA0156.png,2725,test
PASTA/PASTA0157.png,2726,train
PASTA/PASTA0158.png,2727,train
PASTA/PASTA0159.png,2728,train
PASTA/PASTA0160.png,2729,val
PASTA/PASTA0161.png,2730,val
PASTA/PASTA0162.png,2731,train
PASTA/PASTA0163.png,2732,train
PASTA/PASTA0164.png,2733,train
PASTA/PASTA0165.png,2734,train
PASTA/PASTA0166.png,2735,train
PASTA/PASTA0167.png,2736,test
PASTA/PASTA0168.png,2737,test
PASTA/PASTA0169.png,2738,train
PASTA/PASTA0170.png,2739,train
PASTA/PASTA0171.png,2740,train
RICE/RICE0000.png,2741,train
RICE/RICE0001.png,2742,val
RICE/RICE0002.png,2743,train
RICE/RICE0003.png,2744,train
RICE/RICE0004.png,2745,train
RICE/RICE0005.png,2746,train
RICE/RICE0006.png,2747,test
RICE/RICE0007.png,2748,train
RICE/RICE0008.png,2748,train
RICE/RICE0009.png,2747,test
RICE/RICE0010.png,2749,train
RICE/RICE0011.png,2750,val
RICE/RICE0012.png,2749,train
RICE/RICE0013.png,2751,val
RICE/RICE0014.png,2752,train
RICE/RICE0015.png,2753,train
RICE/RICE0016.png,2754,train
RICE/RICE0017.png,2755,train
RICE/RICE0018.png,2756,train
RICE/RICE0019.png,2757,train
RICE/RICE0020.png,2758,train
RICE/RICE0021.png,2759,val
RICE/RICE0022.png,2760,train
RICE/RICE0023.png,2761,train
RICE/RICE0024.png,2762,val
RICE/RICE0025.png,2763,val
RICE/RICE0026.png,2763,val
RICE/RICE0027.png,2763,val
RICE/RICE0028.png,2764,train
RICE/RICE0029.png,2764,train
RICE/RICE0030.png,2765,train
RICE/RICE0031.png,2766,train
RICE/RICE0032.png,2742,val
RICE/RICE0033.png,2767,train
RICE/RICE0034.png,2768,train
RICE/RICE0035.png,2769,train
RICE/RICE0036.png,2770,train
RICE/RICE0037.png,2771,val
RICE/RICE0038.png,2771,val
RICE/RICE0039.png,2772,train
RICE/RICE0040.png,2773,train
RICE/RICE0041.png,2773,train
RICE/RICE0042.png,2774,val
RICE/RICE0043.png,2774,val
RICE/RICE0044.png,2775,train
RICE/RICE0045.png,2776,train
RICE/RICE0046.png,2777,train
RICE/RICE0047.png,2778,test
RICE/RICE0048.png,2779,test
RICE/RICE0049.png,2780,train
RICE/RICE0050.png,2781,train
RICE/RICE0051.png,2782,train
RICE/RICE0052.png,2783,val
RICE/RICE0053.png,2784,val
RICE/RICE0054.png,2785,val
RICE/RICE0055.png,2786,train
RICE/RICE0056.png,2787,train
RICE/RICE0057.png,2788,train
RICE/RICE0058.png,2789,train
RICE/RICE0059.png,2790,train
RICE/RICE0060.png,2791,train
RICE/RICE0061.png,2792,train
RICE/RICE0062.png,2778,test
RICE/RICE0063.png,2793,test
RICE/RICE0064.png,2778,test
RICE/RICE0065.png,2778,test
RICE/RICE0066.png,2778,test
RICE/RICE0067.png,2778,test
RICE/RICE0068.png,2794,train
RICE/RICE0069.png,2795,train
RICE/RICE0070.png,2796,train
RICE/RICE0071.png,2797,train
RICE/RICE0072.png,2798,train
RICE/RICE0073.png,2799,test
RICE/RICE0074.png,2800,train
RICE/RICE0075.png,2801,train
RICE/RICE0076.png,2802,train
RICE/RICE0077.png,2803,train
RICE/RICE0078.png,2804,train
RICE/RICE0079.png,2805,train
RICE/RICE0080.png,2806,train
RICE/RICE0081.png,2803,train
RICE/RICE0082.png,2807,val
RICE/RICE0083.png,2808,train
RICE/RICE0084.png,2809,train
RICE/RICE0085.png,2810,train
RICE/RICE0086.png,2769,train
RICE/RICE0087.png,2769,train
RICE/RICE0088.png,2769,train
RICE/RICE0089.png,2769,train
RICE/RICE0090.png,2811,train
RICE/RICE0091.png,2812,test
RICE/RICE0092.png,2813,train
RICE/RICE0093.png,2811,train
RICE/RICE0094.png,2811,train
RICE/RICE0095.png,2811,train
RICE/RICE0096.png,2814,val
RICE/RICE0097.png,2814,val
RICE/RICE0098.png,2815,train
RICE/RICE0099.png,2769,train
RICE/RICE0100.png,2769,train
RICE/RICE0101.png,2769,train
RICE/RICE0102.png,2769,train
RICE/RICE0103.png,2769,train
RICE/RICE0104.png,2764,train
RICE/RICE0105.png,2816,train
RICE/RICE0106.png,2816,train
RICE/RICE0107.png,2764,train
RICE/RICE0108.png,2764,train
RICE/RICE0109.png,2764,train
RICE/RICE0110.png,2764,train
RICE/RICE0111.png,2817,test
RICE/RICE0112.png,2818,val
RICE/RICE0113.png,2818,val
RICE/RICE0114.png,2778,test
RICE/RICE0115.png,2778,test
RICE/RICE0116.png,2778,test
RICE/RICE0117.png,2778,test
RICE/RICE0118.png,2819,val
RICE/RICE0119.png,2778,test
RICE/RICE0120.png,2820,train
RICE/RICE0121.png,2820,train
RICE/RICE0122.png,2821,train
RICE/RICE0123.png,2821,train
RICE/RICE0124.png,2821,train
RICE/RICE0125.png,2821,train
RICE/RICE0126.png,2821,train
RICE/RICE0127.png,2822,train
RICE/RICE0128.png,2823,train
RICE/RICE0129.png,2824,train
RICE/RICE0130.png,2824,train
RICE/RICE0131.png,2825,test
RICE/RICE0132.png,2826,train
RICE/RICE0133.png,2826,train
RICE/RICE0134.png,2827,train
RICE/RICE0135.png,2828,val
RICE/RICE0136.png,2829,train
RICE/RICE0137.png,2830,test
RICE/RICE0138.png,2769,train
RICE/RICE0139.png,2831,test
RICE/RICE0140.png,2832,val
RICE/RICE0141.png,2833,train
RICE/RICE0142.png,2834,train
RICE/RICE0143.png,2835,train
RICE/RICE0144.png,2836,train
RICE/RICE0145.png,2769,train
RICE/RICE0146.png,2769,train
RICE/RICE0147.png,2769,train
RICE/RICE0148.png,2769,train
RICE/RICE0149.png,2837,test
SODA/SODA0000.png,2838,train
SODA/SODA0001.png,2839,test
SODA/SODA0002.png,2840,test
SODA/SODA0003.png,2841,val
SODA/SODA0004.png,2842,train
SODA/SODA0005.png,2843,train
SODA/SODA0006.png,2844,train
SODA/SODA0007.png,2845,train
SODA/SODA0008.png,2846,val
SODA/SODA0009.png,2847,train
SODA/SODA0010.png,2848,train
SODA/SODA0011.png,2849,train
SODA/SODA0012.png,2850,train
SODA/SODA0013.png,2851,train
SODA/SODA0014.png,2852,val
SODA/SODA0015.png,2853,test
SODA/SODA0016.png,2854,train
SODA/SODA0017.png,2855,test
SODA/SODA0018.png,2856,train
SODA/SODA0019.png,2857,train
SODA/SODA0020.png,2858,val
SODA/SODA0021.png,2859,train
SODA/SODA0022.png,2860,train
SODA/SODA0023.png,2861,train
SODA/SODA0024.png,2862,train
SODA/SODA0025.png,2863,train
SODA/SODA0026.png,2864,test
SODA/SODA0027.png,2865,val
SODA/SODA0028.png,2866,train
SODA/SODA0029.png,2867,train
SODA/SODA0030.png,2868,train
SODA/SODA0031.png,2869,train
SODA/SODA0032.png,2870,test
SODA/SODA0033.png,2871,train
SODA/SODA0034.png,2872,train
SODA/SODA0035.png,2873,train
SODA/SODA0036.png,2874,train
SODA/SODA0037.png,2875,val
SODA/SODA0038.png,2876,train
SODA/SODA0039.png,2877,train
SODA/SODA0040.png,2878,train
SODA/SODA0041.png,2879,train
SODA/SODA0042.png,2880,train
SODA/SODA0043.png,2881,train
SODA/SODA0044.png,2882,train
SODA/SODA0045.png,2883,val
SODA/SODA0046.png,2884,train
SODA/SODA0047.png,2885,train
SODA/SODA0048.png,2885,train
SODA/SODA0049.png,2886,train
SODA/SODA0050.png,2887,train
SODA/SODA0051.png,2888,train
SODA/SODA0052.png,2889,test
SODA/SODA0053.png,2890,val
SODA/SODA0054.png,2891,train
SODA/SODA0055.png,2892,train
SODA/SODA0056.png,2893,train
SODA/SODA0057.png,2894,test
SODA/SODA0058.png,2895,train
SODA/SODA0059.png,2896,train
SODA/SODA0060.png,2897,train
SODA/SODA0061.png,2898,train
SODA/SODA0062.png,2899,train
SODA/SODA0063.png,2900,train
SODA/SODA0064.png,2901,test
SODA/SODA0065.png,2902,train
SODA/SODA0066.png,2903,val
SODA/SODA0067.png,2904,train
SODA/SODA0068.png,2905,val
SODA/SODA0069.png,2906,train
SODA/SODA0070.png,2907,test
SODA/SODA0071.png,2907,test
SODA/SODA0072.png,2908,train
SODA/SODA0073.png,2909,val
SODA/SODA0074.png,2910,train
SODA/SODA0075.png,2911,train
SODA/SODA0076.png,2912,test
SODA/SODA0077.png,2913,val
SODA/SODA0078.png,2914,test
SODA/SODA0079.png,2915,train
SODA/SODA0080.png,2916,train
SODA/SODA0081.png,2917,test
SODA/SODA0082.png,2918,train
SODA/SODA0083.png,2919,test
SODA/SODA0084.png,2920,test
SODA/SODA0085.png,2921,train
SODA/SODA0086.png,2922,train
SODA/SODA0087.png,2923,train
SODA/SODA0088.png,2924,train
SODA/SODA0089.png,2924,train
SODA/SODA0090.png,2925,val
SODA/SODA0091.png,2926,val
SODA/SODA0092.png,2927,train
SODA/SODA0093.png,2928,test
SODA/SODA0094.png,2929,test
SODA/SODA0095.png,2928,test
SODA/SODA0096.png,2930,train
SODA/SODA0097.png,2931,train
SODA/SODA0098.png,2932,train
SODA/SODA0099.png,2932,train
SODA/SODA0100.png,2933,train
SODA/SODA0101.png,2934,val
SODA/SODA0102.png,2935,test
SODA/SODA0103.png,2936,train
SODA/SODA0104.png,2937,train
SODA/SODA0105.png,2936,train
SODA/SODA0106.png,2938,train
SODA/SODA0107.png,2939,train
SODA/SODA0108.png,2940,train
SODA/SODA0109.png,2941,test
SODA/SODA0110.png,2942,train
SODA/SODA0111.png,2943,train
SODA/SODA0112.png,2944,test
SODA/SODA0113.png,2945,val
SODA/SODA0114.png,2946,train
SODA/SODA0115.png,2947,train
SODA/SODA0116.png,2948,train
SODA/SODA0117.png,2949,train
SODA/SODA0118.png,2950,train
SODA/SODA0119.png,2951,val
SODA/SODA0120.png,2952,val
SODA/SODA0121.png,2953,val
SODA/SODA0122.png,2954,train
SODA/SODA0123.png,2955,train
SODA/SODA0124.png,2955,train
SODA/SODA0125.png,2956,test
SODA/SODA0126.png,2957,train
SODA/SODA0127.png,2958,test
SODA/SODA0128.png,2959,train
SODA/SODA0129.png,2960,train
SODA/SODA0130.png,2961,train
SODA/SODA0131.png,2962,train
SODA/SODA0132.png,2963,train
SODA/SODA0133.png,2964,test
SODA/SODA0134.png,2965,train
SODA/SODA0135.png,2966,train
SODA/SODA0136.png,2967,train
SODA/SODA0137.png,2968,val
SODA/SODA0138.png,2969,train
SODA/SODA0139.png,2970,val
SODA/SODA0140.png,2968,val
SODA/SODA0141.png,2971,train
SODA/SODA0142.png,2971,train
SODA/SODA0143.png,2972,train
SODA/SODA0144.png,2973,train
SODA/SODA0145.png,2974,val
SODA/SODA0146.png,2975,train
SODA/SODA0147.png,2976,train
SODA/SODA0148.png,2977,train
SODA/SODA0149.png,2978,train
SODA/SODA0150.png,2979,train
SODA/SODA0151.png,2980,val
SODA/SODA0152.png,2981,test
SODA/SODA0153.png,2982,train
SODA/SODA0154.png,2983,val
SODA/SODA0155.png,2984,train
SODA/SODA0156.png,2985,train
SODA/SODA0157.png,2986,train
SODA/SODA0158.png,2987,train
SODA/SODA0159.png,2988,train
SODA/SODA0160.png,2988,train
SODA/SODA0161.png,2989,train
SODA/SODA0162.png,2990,train
SODA/SODA0163.png,2991,train
SODA/SODA0164.png,2992,train
SODA/SODA0165.png,2993,train
SODA/SODA0166.png,2994,train
SODA/SODA0167.png,2995,train
SODA/SODA0168.png,2996,train
SODA/SODA0169.png,2997,val
SODA/SODA0170.png,2998,train
SODA/SODA0171.png,2999,test
SODA/SODA0172.png,3000,train
SODA/SODA0173.png,3001,train
SODA/SODA0174.png,3002,train
SODA/SODA0175.png,3003,train
SODA/SODA0176.png,3004,val
SPICES/SPICES0000.png,3005,val
SPICES/SPICES0001.png,3006,train
SPICES/SPICES0002.png,3007,train
SPICES/SPICES0003.png,3008,train
SPICES/SPICES0004.png,3009,train
SPICES/SPICES0005.png,3010,train
SPICES/SPICES0006.png,3011,train
SPICES/SPICES0007.png,3012,train
SPICES/SPICES0008.png,3013,train
SPICES/SPICES0009.png,3010,train
SPICES/SPICES0010.png,3014,train
SPICES/SPICES0011.png,3015,train
SPICES/SPICES0012.png,3016,train
SPICES/SPICES0013.png,3010,train
SPICES/SPICES0014.png,3017,train
SPICES/SPICES0015.png,3018,train
SPICES/SPICES0016.png,3011,train
SPICES/SPICES0017.png,3019,train
SPICES/SPICES0018.png,3020,train
SPICES/SPICES0019.png,3021,train
SPICES/SPICES0020.png,3010,train
SPICES/SPICES0021.png,3022,train
SPICES/SPICES0022.png,3023,train
SPICES/SPICES0023.png,3024,val
SPICES/SPICES0024.png,3025,train
SPICES/SPICES0025.png,3026,train
SPICES/SPICES0026.png,3027,train
SPICES/SPICES0027.png,3028,val
SPICES/SPICES0028.png,3029,val
SPICES/SPICES0029.png,3030,val
SPICES/SPICES0030.png,3031,val
SPICES/SPICES0031.png,3032,train
SPICES/SPICES0032.png,3033,val
SPICES/SPICES0033.png,3034,train
SPICES/SPICES0034.png,3035,test
SPICES/SPICES0035.png,3036,val
SPICES/SPICES0036.png,3037,val
SPICES/SPICES0037.png,3038,train
SPICES/SPICES0038.png,3039,train
SPICES/SPICES0039.png,3040,val
SPICES/SPICES0040.png,3041,val
SPICES/SPICES0041.png,3010,train
SPICES/SPICES0042.png,3042,train
SPICES/SPICES0043.png,3043,train
SPICES/SPICES0044.png,3044,train
SPICES/SPICES0045.png,3020,train
SPICES/SPICES0046.png,3045,test
SPICES/SPICES0047.png,3046,train
SPICES/SPICES0048.png,3047,train
SPICES/SPICES0049.png,3048,val
SPICES/SPICES0050.png,3049,train
SPICES/SPICES0051.png,3050,train
SPICES/SPICES0052.png,3051,test
SPICES/SPICES0053.png,3052,train
SPICES/SPICES0054.png,3053,val
SPICES/SPICES0055.png,3054,test
SPICES/SPICES0056.png,3055,train
SPICES/SPICES0057.png,3056,val
SPICES/SPICES0058.png,3057,train
SPICES/SPICES0059.png,3020,train
SPICES/SPICES0060.png,3058,train
SPICES/SPICES0061.png,3059,val
SPICES/SPICES0062.png,3060,train
SPICES/SPICES0063.png,3061,train
SPICES/SPICES0064.png,3062,train
SPICES/SPICES0065.png,3063,train
SPICES/SPICES0066.png,3064,train
SPICES/SPICES0067.png,3065,train
SPICES/SPICES0068.png,3010,train
SPICES/SPICES0069.png,3066,train
SPICES/SPICES0070.png,3067,train
SPICES/SPICES0071.png,3068,val
SPICES/SPICES0072.png,3069,train
SPICES/SPICES0073.png,3070,test
SPICES/SPICES0074.png,3071,train
SPICES/SPICES0075.png,3072,val
SPICES/SPICES0076.png,3073,train
SPICES/SPICES0077.png,3074,test
SPICES/SPICES0078.png,3075,train
SPICES/SPICES0079.png,3076,train
SPICES/SPICES0080.png,3077,train
SPICES/SPICES0081.png,3078,train
SPICES/SPICES0082.png,3079,train
SPICES/SPICES0083.png,3080,test
SPICES/SPICES0084.png,3081,train
SPICES/SPICES0085.png,3082,train
SPICES/SPICES0086.png,3083,train
SPICES/SPICES0087.png,3084,train
SPICES/SPICES0088.png,3085,train
SPICES/SPICES0089.png,3086,train
SPICES/SPICES0090.png,3087,test
SPICES/SPICES0091.png,3088,train
SPICES/SPICES0092.png,3089,train
SPICES/SPICES0093.png,3090,test
SPICES/SPICES0094.png,3084,train
SPICES/SPICES0095.png,3010,train
SPICES/SPICES0096.png,3088,train
SPICES/SPICES0097.png,3091,train
SPICES/SPICES0098.png,3092,test
SPICES/SPICES0099.png,3093,test
SPICES/SPICES0100.png,3094,train
SPICES/SPICES0101.png,3095,test
SPICES/SPICES0102.png,3096,train
SPICES/SPICES0103.png,3097,train
SPICES/SPICES0104.png,3098,val
SPICES/SPICES0105.png,3099,train
SPICES/SPICES0106.png,3013,train
SPICES/SPICES0107.png,3100,train
SPICES/SPICES0108.png,3101,test
SPICES/SPICES0109.png,3102,train
SPICES/SPICES0110.png,3103,train
SPICES/SPICES0111.png,3104,train
SPICES/SPICES0112.png,3105,train
SPICES/SPICES0113.png,3106,test
SPICES/SPICES0114.png,3107,train
SPICES/SPICES0115.png,3108,train
SPICES/SPICES0116.png,3109,val
SPICES/SPICES0117.png,3110,train
SPICES/SPICES0118.png,3111,test
SPICES/SPICES0119.png,3112,train
SPICES/SPICES0120.png,3113,train
SPICES/SPICES0121.png,3114,train
SPICES/SPICES0122.png,3115,val
SPICES/SPICES0123.png,3116,train
SPICES/SPICES0124.png,3117,train
SPICES/SPICES0125.png,3014,train
SPICES/SPICES0126.png,3118,train
SPICES/SPICES0127.png,3119,train
SPICES/SPICES0128.png,3010,train
SPICES/SPICES0129.png,3120,val
SPICES/SPICES0130.png,3121,train
SPICES/SPICES0131.png,3122,train
SPICES/SPICES0132.png,3123,test
SPICES/SPICES0133.png,3124,train
SPICES/SPICES0134.png,3125,val
SPICES/SPICES0135.png,3126,train
SPICES/SPICES0136.png,3127,test
SPICES/SPICES0137.png,3128,train
SPICES/SPICES0138.png,3129,val
SPICES/SPICES0139.png,3130,train
SPICES/SPICES0140.png,3131,train
SPICES/SPICES0141.png,3132,train
SPICES/SPICES0142.png,3133,train
SPICES/SPICES0143.png,3126,train
SPICES/SPICES0144.png,3134,train
SPICES/SPICES0145.png,3135,train
SPICES/SPICES0146.png,3136,test
SPICES/SPICES0147.png,3137,train
SPICES/SPICES0148.png,3138,train
SPICES/SPICES0149.png,3045,test
SPICES/SPICES0150.png,3139,val
SPICES/SPICES0151.png,3140,val
SPICES/SPICES0152.png,3141,train
SPICES/SPICES0153.png,3142,train
SPICES/SPICES0154.png,3143,val
SPICES/SPICES0155.png,3144,test
SPICES/SPICES0156.png,3145,train
SPICES/SPICES0157.png,3146,train
SPICES/SPICES0158.png,3147,train
SPICES/SPICES0159.png,3148,train
SPICES/SPICES0160.png,3149,train
SPICES/SPICES0161.png,3150,train
SPICES/SPICES0162.png,3151,train
SPICES/SPICES0163.png,3152,train
SPICES/SPICES0164.png,3153,test
SPICES/SPICES0165.png,3154,train
SPICES/SPICES0166.png,3155,val
SPICES/SPICES0167.png,3156,train
SPICES/SPICES0168.png,3157,train
SPICES/SPICES0169.png,3012,train
SPICES/SPICES0170.png,3158,train
SPICES/SPICES0171.png,3159,val
SPICES/SPICES0172.png,3160,test
SPICES/SPICES0173.png,3161,train
SPICES/SPICES0174.png,3162,val
SPICES/SPICES0175.png,3051,test
SPICES/SPICES0176.png,3140,val
SPICES/SPICES0177.png,3117,train
SPICES/SPICES0178.png,3142,train
SPICES/SPICES0179.png,3061,train
SPICES/SPICES0180.png,3071,train
SPICES/SPICES0181.png,3006,train
SPICES/SPICES0182.png,3093,test
SPICES/SPICES0183.png,3163,train
SPICES/SPICES0184.png,3164,train
SPICES/SPICES0185.png,3165,val
SPICES/SPICES0186.png,3166,test
SPICES/SPICES0187.png,3167,train
SPICES/SPICES0188.png,3168,train
SPICES/SPICES0189.png,3169,train
SPICES/SPICES0190.png,3169,train
SPICES/SPICES0191.png,3170,test
SPICES/SPICES0192.png,3171,train
SPICES/SPICES0193.png,3172,train
SPICES/SPICES0194.png,3173,train
SPICES/SPICES0195.png,3174,train
SPICES/SPICES0196.png,3175,test
SPICES/SPICES0197.png,3176,test
SPICES/SPICES0198.png,3177,train
SPICES/SPICES0199.png,3178,train
SPICES/SPICES0200.png,3179,train
SPICES/SPICES0201.png,3179,train
SPICES/SPICES0202.png,3180,test
SPICES/SPICES0203.png,3180,test
SPICES/SPICES0204.png,3181,train
SPICES/SPICES0205.png,3182,test
SPICES/SPICES0206.png,3183,train
SUGAR/SUGAR0000.png,3184,train
SUGAR/SUGAR0001.png,3185,train
SUGAR/SUGAR0002.png,3186,test
SUGAR/SUGAR0003.png,3187,val
SUGAR/SUGAR0004.png,3187,val
SUGAR/SUGAR0005.png,3187,val
SUGAR/SUGAR0006.png,3188,train
SUGAR/SUGAR0007.png,3189,train
SUGAR/SUGAR0008.png,3190,test
SUGAR/SUGAR0009.png,3187,val
SUGAR/SUGAR0010.png,3187,val
SUGAR/SUGAR0011.png,3191,train
SUGAR/SUGAR0012.png,3192,train
SUGAR/SUGAR0013.png,3193,val
SUGAR/SUGAR0014.png,3194,train
SUGAR/SUGAR0015.png,3195,train
SUGAR/SUGAR0016.png,3196,train
SUGAR/SUGAR0017.png,3197,test
SUGAR/SUGAR0018.png,3193,val
SUGAR/SUGAR0019.png,3198,train
SUGAR/SUGAR0020.png,3193,val
SUGAR/SUGAR0021.png,3193,val
SUGAR/SUGAR0022.png,3199,test
SUGAR/SUGAR0023.png,3200,train
SUGAR/SUGAR0024.png,3201,train
SUGAR/SUGAR0025.png,3202,train
SUGAR/SUGAR0026.png,3203,train
SUGAR/SUGAR0027.png,3204,train
SUGAR/SUGAR0028.png,3205,train
SUGAR/SUGAR0029.png,3187,val
SUGAR/SUGAR0030.png,3206,train
SUGAR/SUGAR0031.png,3207,train
SUGAR/SUGAR0032.png,3208,test
SUGAR/SUGAR0033.png,3208,test
SUGAR/SUGAR0034.png,3194,train
SUGAR/SUGAR0035.png,3209,train
SUGAR/SUGAR0036.png,3210,train
SUGAR/SUGAR0037.png,3209,train
SUGAR/SUGAR0038.png,3211,val
SUGAR/SUGAR0039.png,3212,train
SUGAR/SUGAR0040.png,3212,train
SUGAR/SUGAR0041.png,3212,train
SUGAR/SUGAR0042.png,3208,test
SUGAR/SUGAR0043.png,3213,train
SUGAR/SUGAR0044.png,3196,train
SUGAR/SUGAR0045.png,3196,train
SUGAR/SUGAR0046.png,3196,train
SUGAR/SUGAR0047.png,3196,train
SUGAR/SUGAR0048.png,3196,train
SUGAR/SUGAR0049.png,3214,train
SUGAR/SUGAR0050.png,3215,train
SUGAR/SUGAR0051.png,3216,test
SUGAR/SUGAR0052.png,3217,val
SUGAR/SUGAR0053.png,3218,train
SUGAR/SUGAR0054.png,3219,val
SUGAR/SUGAR0055.png,3220,train
SUGAR/SUGAR0056.png,3221,train
SUGAR/SUGAR0057.png,3221,train
SUGAR/SUGAR0058.png,3222,train
SUGAR/SUGAR0059.png,3222,train
SUGAR/SUGAR0060.png,3222,train
SUGAR/SUGAR0061.png,3223,train
SUGAR/SUGAR0062.png,3224,train
SUGAR/SUGAR0063.png,3225,train
SUGAR/SUGAR0064.png,3206,train
SUGAR/SUGAR0065.png,3226,val
SUGAR/SUGAR0066.png,3226,val
SUGAR/SUGAR0067.png,3227,test
SUGAR/SUGAR0068.png,3228,train
SUGAR/SUGAR0069.png,3228,train
SUGAR/SUGAR0070.png,3229,train
SUGAR/SUGAR0071.png,3229,train
SUGAR/SUGAR0072.png,3230,test
SUGAR/SUGAR0073.png,3207,train
SUGAR/SUGAR0074.png,3207,train
SUGAR/SUGAR0075.png,3231,train
SUGAR/SUGAR0076.png,3231,train
SUGAR/SUGAR0077.png,3192,train
SUGAR/SUGAR0078.png,3192,train
SUGAR/SUGAR0079.png,3232,train
SUGAR/SUGAR0080.png,3195,train
SUGAR/SUGAR0081.png,3195,train
SUGAR/SUGAR0082.png,3233,train
SUGAR/SUGAR0083.png,3234,train
SUGAR/SUGAR0084.png,3208,test
SUGAR/SUGAR0085.png,3208,test
SUGAR/SUGAR0086.png,3235,train
SUGAR/SUGAR0087.png,3235,train
SUGAR/SUGAR0088.png,3236,test
SUGAR/SUGAR0089.png,3237,train
SUGAR/SUGAR0090.png,3238,train
SUGAR/SUGAR0091.png,3238,train
SUGAR/SUGAR0092.png,3239,train
SUGAR/SUGAR0093.png,3239,train
SUGAR/SUGAR0094.png,3240,train
SUGAR/SUGAR0095.png,3240,train
SUGAR/SUGAR0096.png,3240,train
SUGAR/SUGAR0097.png,3240,train
SUGAR/SUGAR0098.png,3241,test
SUGAR/SUGAR0099.png,3241,test
SUGAR/SUGAR0100.png,3242,val
SUGAR/SUGAR0101.png,3243,train
SUGAR/SUGAR0102.png,3244,train
SUGAR/SUGAR0103.png,3245,train
SUGAR/SUGAR0104.png,3246,train
SUGAR/SUGAR0105.png,3247,train
SUGAR/SUGAR0106.png,3248,test
SUGAR/SUGAR0107.png,3249,train
SUGAR/SUGAR0108.png,3250,train
SUGAR/SUGAR0109.png,3251,train
SUGAR/SUGAR0110.png,3252,train
SUGAR/SUGAR0111.png,3253,val
SUGAR/SUGAR0112.png,3254,train
SUGAR/SUGAR0113.png,3255,test
SUGAR/SUGAR0114.png,3256,train
SUGAR/SUGAR0115.png,3208,test
SUGAR/SUGAR0116.png,3256,train
SUGAR/SUGAR0117.png,3257,val
TEA/TEA0000.png,3258,val
TEA/TEA0001.png,3259,train
TEA/TEA0002.png,3258,val
TEA/TEA0003.png,3260,train
TEA/TEA0004.png,3258,val
TEA/TEA0005.png,3261,train
TEA/TEA0006.png,3258,val
TEA/TEA0007.png,3262,train
TEA/TEA0008.png,3263,test
TEA/TEA0009.png,3264,train
TEA/TEA0010.png,3265,train
TEA/TEA0011.png,3266,train
TEA/TEA0012.png,3267,test
TEA/TEA0013.png,3268,train
TEA/TEA0014.png,3269,train
TEA/TEA0015.png,3270,train
TEA/TEA0016.png,3271,test
TEA/TEA0017.png,3258,val
TEA/TEA0018.png,3272,val
TEA/TEA0019.png,3273,train
TEA/TEA0020.png,3258,val
TEA/TEA0021.png,3274,train
TEA/TEA0022.png,3275,train
TEA/TEA0023.png,3276,test
TEA/TEA0024.png,3277,train
TEA/TEA0025.png,3278,train
TEA/TEA0026.png,3279,test
TEA/TEA0027.png,3280,train
TEA/TEA0028.png,3281,train
TEA/TEA0029.png,3258,val
TEA/TEA0030.png,3258,val
TEA/TEA0031.png,3282,test
TEA/TEA0032.png,3283,train
TEA/TEA0033.png,3284,val
TEA/TEA0034.png,3267,test
TEA/TEA0035.png,3285,train
TEA/TEA0036.png,3286,train
TEA/TEA0037.png,3287,train
TEA/TEA0038.png,3288,train
TEA/TEA0039.png,3289,test
TEA/TEA0040.png,3290,train
TEA/TEA0041.png,3291,train
TEA/TEA0042.png,3292,train
TEA/TEA0043.png,3293,train
TEA/TEA0044.png,3258,val
TEA/TEA0045.png,3294,val
TEA/TEA0046.png,3295,train
TEA/TEA0047.png,3296,train
TEA/TEA0048.png,3297,train
TEA/TEA0049.png,3265,train
TEA/TEA0050.png,3258,val
TEA/TEA0051.png,3298,train
TEA/TEA0052.png,3299,test
TEA/TEA0053.png,3300,train
TEA/TEA0054.png,3301,train
TEA/TEA0055.png,3302,val
TEA/TEA0056.png,3303,train
TEA/TEA0057.png,3304,train
TEA/TEA0058.png,3305,train
TEA/TEA0059.png,3306,test
TEA/TEA0060.png,3307,train
TEA/TEA0061.png,3308,test
TEA/TEA0062.png,3258,val
TEA/TEA0063.png,3309,train
TEA/TEA0064.png,3310,train
TEA/TEA0065.png,3311,train
TEA/TEA0066.png,3312,test
TEA/TEA0067.png,3286,train
TEA/TEA0068.png,3313,test
TEA/TEA0069.png,3270,train
TEA/TEA0070.png,3314,train
TEA/TEA0071.png,3315,test
TEA/TEA0072.png,3316,train
TEA/TEA0073.png,3317,test
TEA/TEA0074.png,3318,train
TEA/TEA0075.png,3258,val
TEA/TEA0076.png,3275,train
TEA/TEA0077.png,3258,val
TEA/TEA0078.png,3319,test
TEA/TEA0079.png,3270,train
TEA/TEA0080.png,3258,val
TEA/TEA0081.png,3258,val
TEA/TEA0082.png,3258,val
TEA/TEA0083.png,3258,val
TEA/TEA0084.png,3320,train
TEA/TEA0085.png,3321,val
TEA/TEA0086.png,3322,train
TEA/TEA0087.png,3323,test
TEA/TEA0088.png,3324,train
TEA/TEA0089.png,3325,train
TEA/TEA0090.png,3326,train
TEA/TEA0091.png,3258,val
TEA/TEA0092.png,3327,train
TEA/TEA0093.png,3328,train
TEA/TEA0094.png,3258,val
TEA/TEA0095.png,3329,train
TEA/TEA0096.png,3330,train
TEA/TEA0097.png,3331,train
TEA/TEA0098.png,3328,train
TEA/TEA0099.png,3332,test
TEA/TEA0100.png,3333,train
TEA/TEA0101.png,3258,val
TEA/TEA0102.png,3334,train
TEA/TEA0103.png,3335,train
TEA/TEA0104.png,3336,val
TEA/TEA0105.png,3337,train
TEA/TEA0106.png,3338,train
TEA/TEA0107.png,3258,val
TEA/TEA0108.png,3339,val
TEA/TEA0109.png,3258,val
TEA/TEA0110.png,3258,val
TEA/TEA0111.png,3340,train
TEA/TEA0112.png,3341,train
TEA/TEA0113.png,3342,train
TEA/TEA0114.png,3343,train
TEA/TEA0115.png,3258,val
TEA/TEA0116.png,3344,train
TEA/TEA0117.png,3258,val
TEA/TEA0118.png,3345,train
TEA/TEA0119.png,3258,val
TEA/TEA0120.png,3277,train
TEA/TEA0121.png,3346,train
TEA/TEA0122.png,3347,train
TEA/TEA0123.png,3348,train
TEA/TEA0124.png,3349,train
TEA/TEA0125.png,3350,train
TEA/TEA0126.png,3351,train
TEA/TEA0127.png,3352,train
TEA/TEA0128.png,3353,train
TEA/TEA0129.png,3354,train
TEA/TEA0130.png,3353,train
TEA/TEA0131.png,3355,train
TEA/TEA0132.png,3356,train
TEA/TEA0133.png,3357,train
TEA/TEA0134.png,3358,val
TEA/TEA0135.png,3359,train
TEA/TEA0136.png,3360,test
TEA/TEA0137.png,3361,train
TEA/TEA0138.png,3362,train
TEA/TEA0139.png,3363,test
TEA/TEA0140.png,3364,test
TEA/TEA0141.png,3365,train
TEA/TEA0142.png,3366,train
TEA/TEA0143.png,3367,train
TEA/TEA0144.png,3368,test
TEA/TEA0145.png,3369,test
TEA/TEA0146.png,3370,train
TEA/TEA0147.png,3371,test
TEA/TEA0148.png,3372,train
TEA/TEA0149.png,3373,train
TEA/TEA0150.png,3374,test
TEA/TEA0151.png,3375,val
TEA/TEA0152.png,3376,train
TEA/TEA0153.png,3377,train
TEA/TEA0154.png,3378,train
TEA/TEA0155.png,3379,train
TEA/TEA0156.png,3380,train
TEA/TEA0157.png,3381,train
TEA/TEA0158.png,3382,val
TEA/TEA0159.png,3383,train
TEA/TEA0160.png,3384,train
TEA/TEA0161.png,3385,train
TEA/TEA0162.png,3382,val
TEA/TEA0163.png,3386,train
TEA/TEA0164.png,3387,train
TEA/TEA0165.png,3388,train
TEA/TEA0166.png,3374,test
TEA/TEA0167.png,3389,train
TEA/TEA0168.png,3390,train
TEA/TEA0169.png,3391,train
TEA/TEA0170.png,3388,train
TEA/TEA0171.png,3392,train
TEA/TEA0172.png,3373,train
TEA/TEA0173.png,3393,test
TEA/TEA0174.png,3394,train
TEA/TEA0175.png,3395,train
TEA/TEA0176.png,3396,train
TEA/TEA0177.png,3397,train
TEA/TEA0178.png,3398,train
TEA/TEA0179.png,3399,train
TEA/TEA0180.png,3400,train
TEA/TEA0181.png,3401,train
TEA/TEA0182.png,3402,test
TEA/TEA0183.png,3403,train
TEA/TEA0184.png,3404,test
TEA/TEA0185.png,3405,test
TEA/TEA0186.png,3406,train
TEA/TEA0187.png,3407,train
TEA/TEA0188.png,3408,train
TEA/TEA0189.png,3409,train
TEA/TEA0190.png,3410,train
TEA/TEA0191.png,3410,train
TEA/TEA0192.png,3411,val
TEA/TEA0193.png,3412,train
TEA/TEA0194.png,3413,train
TEA/TEA0195.png,3414,test
TEA/TEA0196.png,3415,train
TEA/TEA0197.png,3416,test
TEA/TEA0198.png,3417,train
TEA/TEA0199.png,3418,train
TEA/TEA0200.png,3419,train
TEA/TEA0201.png,3418,train
TEA/TEA0202.png,3418,train
TEA/TEA0203.png,3420,train
TEA/TEA0204.png,3420,train
TEA/TEA0205.png,3420,train
TEA/TEA0206.png,3420,train
TEA/TEA0207.png,3420,train
TEA/TEA0208.png,3421,val
TEA/TEA0209.png,3422,test
TEA/TEA0210.png,3423,test
TEA/TEA0211.png,3420,train
TEA/TEA0212.png,3424,train
TEA/TEA0213.png,3425,train
TEA/TEA0214.png,3426,train
TEA/TEA0215.png,3425,train
TEA/TEA0216.png,3425,train
TEA/TEA0217.png,3425,train
TEA/TEA0218.png,3425,train
TEA/TEA0219.png,3425,train
TEA/TEA0220.png,3425,train
TEA/TEA0221.png,3425,train
TEA/TEA0222.png,3425,train
TEA/TEA0223.png,3425,train
TEA/TEA0224.png,3427,train
TEA/TEA0225.png,3428,train
TEA/TEA0226.png,3429,train
TEA/TEA0227.png,3428,train
TEA/TEA0228.png,3429,train
TEA/TEA0229.png,3430,train
TEA/TEA0230.png,3431,test
TEA/TEA0231.png,3432,train
TEA/TEA0232.png,3433,train
TEA/TEA0233.png,3434,train
TEA/TEA0234.png,3435,test
TEA/TEA0235.png,3436,test
TEA/TEA0236.png,3437,train
TEA/TEA0237.png,3438,train
TEA/TEA0238.png,3439,train
TEA/TEA0239.png,3440,train
TEA/TEA0240.png,3441,train
TEA/TEA0241.png,3442,train
TEA/TEA0242.png,3443,train
TEA/TEA0243.png,3444,train
TEA/TEA0244.png,3445,train
TEA/TEA0245.png,3446,train
TEA/TEA0246.png,3447,train
TEA/TEA0247.png,3448,train
TEA/TEA0248.png,3449,test
TEA/TEA0249.png,3450,train
TEA/TEA0250.png,3451,train
TEA/TEA0251.png,3452,val
TEA/TEA0252.png,3453,train
TEA/TEA0253.png,3454,train
TEA/TEA0254.png,3455,train
TEA/TEA0255.png,3270,train
TEA/TEA0256.png,3456,train
TEA/TEA0257.png,3457,val
TEA/TEA0258.png,3458,train
TEA/TEA0259.png,3459,train
TEA/TEA0260.png,3460,test
TEA/TEA0261.png,3458,train
TEA/TEA0262.png,3461,train
TEA/TEA0263.png,3462,train
TEA/TEA0264.png,3463,train
TEA/TEA0265.png,3464,train
TEA/TEA0266.png,3465,train
TEA/TEA0267.png,3466,train
TEA/TEA0268.png,3467,train
TEA/TEA0269.png,3468,test
TEA/TEA0270.png,3469,train
TEA/TEA0271.png,3470,train
TEA/TEA0272.png,3471,train
TEA/TEA0273.png,3472,train
TEA/TEA0274.png,3473,train
TEA/TEA0275.png,3474,test
TEA/TEA0276.png,3475,test
TEA/TEA0277.png,3258,val
TEA/TEA0278.png,3476,train
TEA/TEA0279.png,3477,train
TEA/TEA0280.png,3478,train
TEA/TEA0281.png,3258,val
TEA/TEA0282.png,3479,test
TOMATO_SAUCE/TOMATO_SAUCE0000.png,3480,train
TOMATO_SAUCE/TOMATO_SAUCE0001.png,3481,val
TOMATO_SAUCE/TOMATO_SAUCE0002.png,3482,train
TOMATO_SAUCE/TOMATO_SAUCE0003.png,3483,train
TOMATO_SAUCE/TOMATO_SAUCE0004.png,3484,test
TOMATO_SAUCE/TOMATO_SAUCE0005.png,3485,train
TOMATO_SAUCE/TOMATO_SAUCE0006.png,3486,val
TOMATO_SAUCE/TOMATO_SAUCE0007.png,3487,test
TOMATO_SAUCE/TOMATO_SAUCE0008.png,3488,train
TOMATO_SAUCE/TOMATO_SAUCE0009.png,3489,val
TOMATO_SAUCE/TOMATO_SAUCE0010.png,3490,test
TOMATO_SAUCE/TOMATO_SAUCE0011.png,3491,train
TOMATO_SAUCE/TOMATO_SAUCE0012.png,3487,test
TOMATO_SAUCE/TOMATO_SAUCE0013.png,3492,train
TOMATO_SAUCE/TOMATO_SAUCE0014.png,3493,train
TOMATO_SAUCE/TOMATO_SAUCE0015.png,3493,train
TOMATO_SAUCE/TOMATO_SAUCE0016.png,3494,train
TOMATO_SAUCE/TOMATO_SAUCE0017.png,3495,train
TOMATO_SAUCE/TOMATO_SAUCE0018.png,3493,train
TOMATO_SAUCE/TOMATO_SAUCE0019.png,3487,test
TOMATO_SAUCE/TOMATO_SAUCE0020.png,3496,train
TOMATO_SAUCE/TOMATO_SAUCE0021.png,3497,train
TOMATO_SAUCE/TOMATO_SAUCE0022.png,3498,train
TOMATO_SAUCE/TOMATO_SAUCE0023.png,3493,train
TOMATO_SAUCE/TOMATO_SAUCE0024.png,3499,val
TOMATO_SAUCE/TOMATO_SAUCE0025.png,3500,test
TOMATO_SAUCE/TOMATO_SAUCE0026.png,3501,train
TOMATO_SAUCE/TOMATO_SAUCE0027.png,3502,val
TOMATO_SAUCE/TOMATO_SAUCE0028.png,3482,train
TOMATO_SAUCE/TOMATO_SAUCE0029.png,3501,train
TOMATO_SAUCE/TOMATO_SAUCE0030.png,3503,train
TOMATO_SAUCE/TOMATO_SAUCE0031.png,3504,train
TOMATO_SAUCE/TOMATO_SAUCE0032.png,3505,train
TOMATO_SAUCE/TOMATO_SAUCE0033.png,3493,train
TOMATO_SAUCE/TOMATO_SAUCE0034.png,3506,train
TOMATO_SAUCE/TOMATO_SAUCE0035.png,3507,train
TOMATO_SAUCE/TOMATO_SAUCE0036.png,3508,train
TOMATO_SAUCE/TOMATO_SAUCE0037.png,3509,val
TOMATO_SAUCE/TOMATO_SAUCE0038.png,3510,train
TOMATO_SAUCE/TOMATO_SAUCE0039.png,3511,test
TOMATO_SAUCE/TOMATO_SAUCE0040.png,3510,train
TOMATO_SAUCE/TOMATO_SAUCE0041.png,3510,train
TOMATO_SAUCE/TOMATO_SAUCE0042.png,3512,train
TOMATO_SAUCE/TOMATO_SAUCE0043.png,3513,val
TOMATO_SAUCE/TOMATO_SAUCE0044.png,3493,train
TOMATO_SAUCE/TOMATO_SAUCE0045.png,3493,train
TOMATO_SAUCE/TOMATO_SAUCE0046.png,3493,train
TOMATO_SAUCE/TOMATO_SAUCE0047.png,3493,train
TOMATO_SAUCE/TOMATO_SAUCE0048.png,3493,train
TOMATO_SAUCE/TOMATO_SAUCE0049.png,3514,train
TOMATO_SAUCE/TOMATO_SAUCE0050.png,3515,val
TOMATO_SAUCE/TOMATO_SAUCE0051.png,3493,train
TOMATO_SAUCE/TOMATO_SAUCE0052.png,3493,train
TOMATO_SAUCE/TOMATO_SAUCE0053.png,3515,val
TOMATO_SAUCE/TOMATO_SAUCE0054.png,3493,train
TOMATO_SAUCE/TOMATO_SAUCE0055.png,3493,train
TOMATO_SAUCE/TOMATO_SAUCE0056.png,3493,train
TOMATO_SAUCE/TOMATO_SAUCE0057.png,3493,train
TOMATO_SAUCE/TOMATO_SAUCE0058.png,3493,train
TOMATO_SAUCE/TOMATO_SAUCE0059.png,3493,train
TOMATO_SAUCE/TOMATO_SAUCE0060.png,3516,test
TOMATO_SAUCE/TOMATO_SAUCE0061.png,3517,train
TOMATO_SAUCE/TOMATO_SAUCE0062.png,3493,train
TOMATO_SAUCE/TOMATO_SAUCE0063.png,3518,train
TOMATO_SAUCE/TOMATO_SAUCE0064.png,3519,train
TOMATO_SAUCE/TOMATO_SAUCE0065.png,3520,train
TOMATO_SAUCE/TOMATO_SAUCE0066.png,3519,train
TOMATO_SAUCE/TOMATO_SAUCE0067.png,3521,val
TOMATO_SAUCE/TOMATO_SAUCE0068.png,3522,test
TOMATO_SAUCE/TOMATO_SAUCE0069.png,3523,train
TOMATO_SAUCE/TOMATO_SAUCE0070.png,3524,train
TOMATO_SAUCE/TOMATO_SAUCE0071.png,3524,train
TOMATO_SAUCE/TOMATO_SAUCE0072.png,3525,test
TOMATO_SAUCE/TOMATO_SAUCE0073.png,3525,test
TOMATO_SAUCE/TOMATO_SAUCE0074.png,3526,train
TOMATO_SAUCE/TOMATO_SAUCE0075.png,3526,train
TOMATO_SAUCE/TOMATO_SAUCE0076.png,3527,val
TOMATO_SAUCE/TOMATO_SAUCE0077.png,3528,train
TOMATO_SAUCE/TOMATO_SAUCE0078.png,3529,train
TOMATO_SAUCE/TOMATO_SAUCE0079.png,3530,train
TOMATO_SAUCE/TOMATO_SAUCE0080.png,3530,train
TOMATO_SAUCE/TOMATO_SAUCE0081.png,3531,train
TOMATO_SAUCE/TOMATO_SAUCE0082.png,3532,val
TOMATO_SAUCE/TOMATO_SAUCE0083.png,3532,val
TOMATO_SAUCE/TOMATO_SAUCE0084.png,3533,test
TOMATO_SAUCE/TOMATO_SAUCE0085.png,3534,train
TOMATO_SAUCE/TOMATO_SAUCE0086.png,3535,train
TOMATO_SAUCE/TOMATO_SAUCE0087.png,3536,test
TOMATO_SAUCE/TOMATO_SAUCE0088.png,3537,train
TOMATO_SAUCE/TOMATO_SAUCE0089.png,3535,train
TOMATO_SAUCE/TOMATO_SAUCE0090.png,3538,train
TOMATO_SAUCE/TOMATO_SAUCE0091.png,3538,train
TOMATO_SAUCE/TOMATO_SAUCE0092.png,3539,val
TOMATO_SAUCE/TOMATO_SAUCE0093.png,3539,val
TOMATO_SAUCE/TOMATO_SAUCE0094.png,3540,train
TOMATO_SAUCE/TOMATO_SAUCE0095.png,3541,test
TOMATO_SAUCE/TOMATO_SAUCE0096.png,3541,test
TOMATO_SAUCE/TOMATO_SAUCE0097.png,3541,test
TOMATO_SAUCE/TOMATO_SAUCE0098.png,3542,train
TOMATO_SAUCE/TOMATO_SAUCE0099.png,3543,train
TOMATO_SAUCE/TOMATO_SAUCE0100.png,3544,val
TOMATO_SAUCE/TOMATO_SAUCE0101.png,3545,train
TOMATO_SAUCE/TOMATO_SAUCE0102.png,3545,train
TOMATO_SAUCE/TOMATO_SAUCE0103.png,3546,train
TOMATO_SAUCE/TOMATO_SAUCE0104.png,3546,train
TOMATO_SAUCE/TOMATO_SAUCE0105.png,3547,train
TOMATO_SAUCE/TOMATO_SAUCE0106.png,3548,train
TOMATO_SAUCE/TOMATO_SAUCE0107.png,3533,test
TOMATO_SAUCE/TOMATO_SAUCE0108.png,3533,test
TOMATO_SAUCE/TOMATO_SAUCE0109.png,3534,train
TOMATO_SAUCE/TOMATO_SAUCE0110.png,3549,test
TOMATO_SAUCE/TOMATO_SAUCE0111.png,3550,val
TOMATO_SAUCE/TOMATO_SAUCE0112.png,3551,train
TOMATO_SAUCE/TOMATO_SAUCE0113.png,3551,train
TOMATO_SAUCE/TOMATO_SAUCE0114.png,3552,train
TOMATO_SAUCE/TOMATO_SAUCE0115.png,3552,train
TOMATO_SAUCE/TOMATO_SAUCE0116.png,3552,train
TOMATO_SAUCE/TOMATO_SAUCE0117.png,3553,test
TOMATO_SAUCE/TOMATO_SAUCE0118.png,3554,test
TOMATO_SAUCE/TOMATO_SAUCE0119.png,3554,test
TOMATO_SAUCE/TOMATO_SAUCE0120.png,3554,test
TOMATO_SAUCE/TOMATO_SAUCE0121.png,3555,train
TOMATO_SAUCE/TOMATO_SAUCE0122.png,3556,val
TOMATO_SAUCE/TOMATO_SAUCE0123.png,3557,train
TOMATO_SAUCE/TOMATO_SAUCE0124.png,3558,train
TOMATO_SAUCE/TOMATO_SAUCE0125.png,3559,train
TOMATO_SAUCE/TOMATO_SAUCE0126.png,3535,train
TOMATO_SAUCE/TOMATO_SAUCE0127.png,3560,train
TOMATO_SAUCE/TOMATO_SAUCE0128.png,3561,val
TOMATO_SAUCE/TOMATO_SAUCE0129.png,3524,train
TOMATO_SAUCE/TOMATO_SAUCE0130.png,3500,test
TOMATO_SAUCE/TOMATO_SAUCE0131.png,3493,train
TOMATO_SAUCE/TOMATO_SAUCE0132.png,3562,train
TOMATO_SAUCE/TOMATO_SAUCE0133.png,3493,train
TOMATO_SAUCE/TOMATO_SAUCE0134.png,3515,val
TOMATO_SAUCE/TOMATO_SAUCE0135.png,3515,val
TOMATO_SAUCE/TOMATO_SAUCE0136.png,3493,train
TOMATO_SAUCE/TOMATO_SAUCE0137.png,3493,train
TOMATO_SAUCE/TOMATO_SAUCE0138.png,3563,train
TOMATO_SAUCE/TOMATO_SAUCE0139.png,3493,train
TOMATO_SAUCE/TOMATO_SAUCE0140.png,3493,train
TOMATO_SAUCE/TOMATO_SAUCE0141.png,3493,train
TOMATO_SAUCE/TOMATO_SAUCE0142.png,3493,train
TOMATO_SAUCE/TOMATO_SAUCE0143.png,3564,train
TOMATO_SAUCE/TOMATO_SAUCE0144.png,3493,train
TOMATO_SAUCE/TOMATO_SAUCE0145.png,3493,train
TOMATO_SAUCE/TOMATO_SAUCE0146.png,3565,train
TOMATO_SAUCE/TOMATO_SAUCE0147.png,3566,val
TOMATO_SAUCE/TOMATO_SAUCE0148.png,3567,train
TOMATO_SAUCE/TOMATO_SAUCE0149.png,3567,train
TOMATO_SAUCE/TOMATO_SAUCE0150.png,3568,train
TOMATO_SAUCE/TOMATO_SAUCE0151.png,3569,train
TOMATO_SAUCE/TOMATO_SAUCE0152.png,3570,test
TOMATO_SAUCE/TOMATO_SAUCE0153.png,3571,val
TOMATO_SAUCE/TOMATO_SAUCE0154.png,3572,train
TOMATO_SAUCE/TOMATO_SAUCE0155.png,3573,val
TOMATO_SAUCE/TOMATO_SAUCE0156.png,3574,train
TOMATO_SAUCE/TOMATO_SAUCE0157.png,3575,val
TOMATO_SAUCE/TOMATO_SAUCE0158.png,3576,train
TOMATO_SAUCE/TOMATO_SAUCE0159.png,3577,train
TOMATO_SAUCE/TOMATO_SAUCE0160.png,3578,val
TOMATO_SAUCE/TOMATO_SAUCE0161.png,3579,train
TOMATO_SAUCE/TOMATO_SAUCE0162.png,3580,train
TOMATO_SAUCE/TOMATO_SAUCE0163.png,3581,train
TOMATO_SAUCE/TOMATO_SAUCE0164.png,3582,train
TOMATO_SAUCE/TOMATO_SAUCE0165.png,3583,train
TOMATO_SAUCE/TOMATO_SAUCE0166.png,3584,val
TOMATO_SAUCE/TOMATO_SAUCE0167.png,3585,train
TOMATO_SAUCE/TOMATO_SAUCE0168.png,3586,train
TOMATO_SAUCE/TOMATO_SAUCE0169.png,3587,train
TOMATO_SAUCE/TOMATO_SAUCE0170.png,3588,test
VINEGAR/VINEGAR0000.png,3589,train
VINEGAR/VINEGAR0001.png,3590,train
VINEGAR/VINEGAR0002.png,3591,val
VINEGAR/VINEGAR0003.png,3592,train
VINEGAR/VINEGAR0004.png,3593,train
VINEGAR/VINEGAR0005.png,3594,test
VINEGAR/VINEGAR0006.png,3595,train
VINEGAR/VINEGAR0007.png,3596,val
VINEGAR/VINEGAR0008.png,3597,train
VINEGAR/VINEGAR0009.png,3598,train
VINEGAR/VINEGAR0010.png,3599,train
VINEGAR/VINEGAR0011.png,3600,train
VINEGAR/VINEGAR0012.png,3601,val
VINEGAR/VINEGAR0013.png,3602,val
VINEGAR/VINEGAR0014.png,3603,train
VINEGAR/VINEGAR0015.png,3604,test
VINEGAR/VINEGAR0016.png,3605,val
VINEGAR/VINEGAR0017.png,3606,train
VINEGAR/VINEGAR0018.png,3607,train
VINEGAR/VINEGAR0019.png,3608,train
VINEGAR/VINEGAR0020.png,3609,train
VINEGAR/VINEGAR0021.png,3610,train
VINEGAR/VINEGAR0022.png,3611,test
VINEGAR/VINEGAR0023.png,3612,train
VINEGAR/VINEGAR0024.png,3613,test
VINEGAR/VINEGAR0025.png,3614,train
VINEGAR/VINEGAR0026.png,3615,train
VINEGAR/VINEGAR0027.png,3616,train
VINEGAR/VINEGAR0028.png,3617,test
VINEGAR/VINEGAR0029.png,3618,val
VINEGAR/VINEGAR0030.png,3615,train
VINEGAR/VINEGAR0031.png,3619,test
VINEGAR/VINEGAR0032.png,3620,train
VINEGAR/VINEGAR0033.png,3621,train
VINEGAR/VINEGAR0034.png,3622,test
VINEGAR/VINEGAR0035.png,3623,val
VINEGAR/VINEGAR0036.png,3624,train
VINEGAR/VINEGAR0037.png,3625,train
VINEGAR/VINEGAR0038.png,3626,train
VINEGAR/VINEGAR0039.png,3627,test
VINEGAR/VINEGAR0040.png,3621,train
VINEGAR/VINEGAR0041.png,3628,train
VINEGAR/VINEGAR0042.png,3629,train
VINEGAR/VINEGAR0043.png,3630,train
VINEGAR/VINEGAR0044.png,3631,train
VINEGAR/VINEGAR0045.png,3632,val
VINEGAR/VINEGAR0046.png,3633,train
VINEGAR/VINEGAR0047.png,3634,train
VINEGAR/VINEGAR0048.png,3635,train
VINEGAR/VINEGAR0049.png,3636,train
VINEGAR/VINEGAR0050.png,3637,test
VINEGAR/VINEGAR0051.png,3638,train
VINEGAR/VINEGAR0052.png,3639,train
VINEGAR/VINEGAR0053.png,3640,train
VINEGAR/VINEGAR0054.png,3640,train
VINEGAR/VINEGAR0055.png,3641,train
VINEGAR/VINEGAR0056.png,3594,test
VINEGAR/VINEGAR0057.png,3642,train
VINEGAR/VINEGAR0058.png,3642,train
VINEGAR/VINEGAR0059.png,3642,train
VINEGAR/VINEGAR0060.png,3643,test
VINEGAR/VINEGAR0061.png,3644,train
VINEGAR/VINEGAR0062.png,3645,train
VINEGAR/VINEGAR0063.png,3646,train
VINEGAR/VINEGAR0064.png,3647,test
VINEGAR/VINEGAR0065.png,3648,train
VINEGAR/VINEGAR0066.png,3649,train
VINEGAR/VINEGAR0067.png,3649,train
VINEGAR/VINEGAR0068.png,3650,val
VINEGAR/VINEGAR0069.png,3651,test
VINEGAR/VINEGAR0070.png,3652,test
VINEGAR/VINEGAR0071.png,3652,test
VINEGAR/VINEGAR0072.png,3653,train
VINEGAR/VINEGAR0073.png,3654,val
VINEGAR/VINEGAR0074.png,3655,train
VINEGAR/VINEGAR0075.png,3656,val
VINEGAR/VINEGAR0076.png,3657,train
VINEGAR/VINEGAR0077.png,3658,train
VINEGAR/VINEGAR0078.png,3658,train
VINEGAR/VINEGAR0079.png,3659,train
VINEGAR/VINEGAR0080.png,3659,train
VINEGAR/VINEGAR0081.png,3660,val
VINEGAR/VINEGAR0082.png,3661,train
VINEGAR/VINEGAR0083.png,3662,val
VINEGAR/VINEGAR0084.png,3663,train
VINEGAR/VINEGAR0085.png,3664,train
VINEGAR/VINEGAR0086.png,3665,train
VINEGAR/VINEGAR0087.png,3665,train
VINEGAR/VINEGAR0088.png,3665,train
VINEGAR/VINEGAR0089.png,3666,train
VINEGAR/VINEGAR0090.png,3667,val
VINEGAR/VINEGAR0091.png,3668,train
VINEGAR/VINEGAR0092.png,3669,train
VINEGAR/VINEGAR0093.png,3670,train
VINEGAR/VINEGAR0094.png,3671,train
VINEGAR/VINEGAR0095.png,3672,train
VINEGAR/VINEGAR0096.png,3673,train
VINEGAR/VINEGAR0097.png,3674,val
VINEGAR/VINEGAR0098.png,3674,val
VINEGAR/VINEGAR0099.png,3674,val
VINEGAR/VINEGAR0100.png,3675,train
VINEGAR/VINEGAR0101.png,3675,train
VINEGAR/VINEGAR0102.png,3675,train
VINEGAR/VINEGAR0103.png,3675,train
VINEGAR/VINEGAR0104.png,3676,train
VINEGAR/VINEGAR0105.png,3677,test
VINEGAR/VINEGAR0106.png,3678,val
VINEGAR/VINEGAR0107.png,3679,train
VINEGAR/VINEGAR0108.png,3679,train
VINEGAR/VINEGAR0109.png,3680,test
VINEGAR/VINEGAR0110.png,3681,train
VINEGAR/VINEGAR0111.png,3682,train
VINEGAR/VINEGAR0112.png,3683,train
VINEGAR/VINEGAR0113.png,3684,train
VINEGAR/VINEGAR0114.png,3685,test
VINEGAR/VINEGAR0115.png,3686,val
VINEGAR/VINEGAR0116.png,3687,train
VINEGAR/VINEGAR0117.png,3688,val
VINEGAR/VINEGAR0118.png,3689,train
VINEGAR/VINEGAR0119.png,3690,train
VINEGAR/VINEGAR0120.png,3691,test
VINEGAR/VINEGAR0121.png,3692,train
VINEGAR/VINEGAR0122.png,3693,train
VINEGAR/VINEGAR0123.png,3694,test
VINEGAR/VINEGAR0124.png,3695,train
VINEGAR/VINEGAR0125.png,3696,train
VINEGAR/VINEGAR0126.png,3697,val
VINEGAR/VINEGAR0127.png,3698,test
VINEGAR/VINEGAR0128.png,3699,train
VINEGAR/VINEGAR0129.png,3700,val
VINEGAR/VINEGAR0130.png,3701,train
VINEGAR/VINEGAR0131.png,3702,train
VINEGAR/VINEGAR0132.png,3703,train
VINEGAR/VINEGAR0133.png,3704,train
VINEGAR/VINEGAR0134.png,3705,train
VINEGAR/VINEGAR0135.png,3706,val
VINEGAR/VINEGAR0136.png,3707,train
VINEGAR/VINEGAR0137.png,3708,test
VINEGAR/VINEGAR0138.png,3709,train
VINEGAR/VINEGAR0139.png,3710,test
VINEGAR/VINEGAR0140.png,3711,train
VINEGAR/VINEGAR0141.png,3629,train
VINEGAR/VINEGAR0142.png,3712,train
VINEGAR/VINEGAR0143.png,3713,train
VINEGAR/VINEGAR0144.png,3714,val
VINEGAR/VINEGAR0145.png,3715,test
VINEGAR/VINEGAR0146.png,3716,train
VINEGAR/VINEGAR0147.png,3717,train
VINEGAR/VINEGAR0148.png,3718,train
VINEGAR/VINEGAR0149.png,3719,train
VINEGAR/VINEGAR0150.png,3720,train
VINEGAR/VINEGAR0151.png,3721,train
VINEGAR/VINEGAR0152.png,3722,train
VINEGAR/VINEGAR0153.png,3723,train
VINEGAR/VINEGAR0154.png,3724,train
VINEGAR/VINEGAR0155.png,3725,train
VINEGAR/VINEGAR0156.png,3726,train
WATER/WATER0000.png,3727,test
WATER/WATER0001.png,3728,train
WATER/WATER0002.png,3729,test
WATER/WATER0003.png,3730,train
WATER/WATER0004.png,3731,train
WATER/WATER0005.png,3732,train
WATER/WATER0006.png,3733,train
WATER/WATER0007.png,3734,train
WATER/WATER0008.png,3735,train
WATER/WATER0009.png,3736,train
WATER/WATER0010.png,3737,test
WATER/WATER0011.png,3738,train
WATER/WATER0012.png,3739,train
WATER/WATER0013.png,3740,val
WATER/WATER0014.png,3741,train
WATER/WATER0015.png,3742,train
WATER/WATER0016.png,3743,test
WATER/WATER0017.png,3744,val
WATER/WATER0018.png,3745,train
WATER/WATER0019.png,3746,val
WATER/WATER0020.png,3747,train
WATER/WATER0021.png,3748,test
WATER/WATER0022.png,3749,train
WATER/WATER0023.png,3750,train
WATER/WATER0024.png,3751,train
WATER/WATER0025.png,3752,val
WATER/WATER0026.png,3753,train
WATER/WATER0027.png,3754,train
WATER/WATER0028.png,3755,train
WATER/WATER0029.png,3756,train
WATER/WATER0030.png,3757,train
WATER/WATER0031.png,3758,val
WATER/WATER0032.png,3759,val
WATER/WATER0033.png,3760,train
WATER/WATER0034.png,3761,train
WATER/WATER0035.png,3762,train
WATER/WATER0036.png,3763,train
WATER/WATER0037.png,3764,train
WATER/WATER0038.png,3765,train
WATER/WATER0039.png,3766,train
WATER/WATER0040.png,3767,train
WATER/WATER0041.png,3768,train
WATER/WATER0042.png,3769,val
WATER/WATER0043.png,3770,test
WATER/WATER0044.png,3771,test
WATER/WATER0045.png,3772,train
WATER/WATER0046.png,3773,val
WATER/WATER0047.png,3774,train
WATER/WATER0048.png,3775,train
WATER/WATER0049.png,3776,train
WATER/WATER0050.png,3777,train
WATER/WATER0051.png,3778,train
WATER/WATER0052.png,3779,train
WATER/WATER0053.png,3780,train
WATER/WATER0054.png,3781,train
WATER/WATER0055.png,3782,train
WATER/WATER0056.png,3783,val
WATER/WATER0057.png,3784,train
WATER/WATER0058.png,3785,val
WATER/WATER0059.png,3786,train
WATER/WATER0060.png,3787,test
WATER/WATER0061.png,3788,train
WATER/WATER0062.png,3789,train
WATER/WATER0063.png,3790,train
WATER/WATER0064.png,3791,train
WATER/WATER0065.png,3792,train
WATER/WATER0066.png,3793,test
WATER/WATER0067.png,3794,train
WATER/WATER0068.png,3795,test
WATER/WATER0069.png,3796,train
WATER/WATER0070.png,3797,train
WATER/WATER0071.png,3798,train
WATER/WATER0072.png,3799,train
WATER/WATER0073.png,3800,train
WATER/WATER0074.png,3801,train
WATER/WATER0075.png,3802,train
WATER/WATER0076.png,3803,val
WATER/WATER0077.png,3804,train
WATER/WATER0078.png,3805,train
WATER/WATER0079.png,3806,train
WATER/WATER0080.png,3807,val
WATER/WATER0081.png,3808,train
WATER/WATER0082.png,3809,val
WATER/WATER0083.png,3810,train
WATER/WATER0084.png,3811,train
WATER/WATER0085.png,3812,train
WATER/WATER0086.png,3813,val
WATER/WATER0087.png,3814,test
WATER/WATER0088.png,3815,val
WATER/WATER0089.png,3816,train
WATER/WATER0090.png,3817,train
WATER/WATER0091.png,3818,train
WATER/WATER0092.png,3818,train
WATER/WATER0093.png,3819,train
WATER/WATER0094.png,3820,test
WATER/WATER0095.png,3820,test
WATER/WATER0096.png,3820,test
WATER/WATER0097.png,3821,val
WATER/WATER0098.png,3822,train
WATER/WATER0099.png,3823,train
WATER/WATER0100.png,3824,train
WATER/WATER0101.png,3825,val
WATER/WATER0102.png,3826,train
WATER/WATER0103.png,3827,train
WATER/WATER0104.png,3828,test
WATER/WATER0105.png,3829,test
WATER/WATER0106.png,3830,train
WATER/WATER0107.png,3830,train
WATER/WATER0108.png,3831,train
WATER/WATER0109.png,3832,train
WATER/WATER0110.png,3833,val
WATER/WATER0111.png,3834,val
WATER/WATER0112.png,3835,train
WATER/WATER0113.png,3836,val
WATER/WATER0114.png,3837,train
WATER/WATER0115.png,3838,train
WATER/WATER0116.png,3839,train
WATER/WATER0117.png,3840,val
WATER/WATER0118.png,3841,train
WATER/WATER0119.png,3842,train
WATER/WATER0120.png,3843,train
WATER/WATER0121.png,3844,train
WATER/WATER0122.png,3845,train
WATER/WATER0123.png,3846,train
WATER/WATER0124.png,3847,train
WATER/WATER0125.png,3847,train
WATER/WATER0126.png,3848,train
WATER/WATER0127.png,3849,train
WATER/WATER0128.png,3850,train
WATER/WATER0129.png,3851,train
WATER/WATER0130.png,3852,train
WATER/WATER0131.png,3853,val
WATER/WATER0132.png,3854,train
WATER/WATER0133.png,3854,train
WATER/WATER0134.png,3854,train
WATER/WATER0135.png,3855,train
WATER/WATER0136.png,3856,train
WATER/WATER0137.png,3857,train
WATER/WATER0138.png,3858,test
WATER/WATER0139.png,3859,train
WATER/WATER0140.png,3860,train
WATER/WATER0141.png,3861,train
WATER/WATER0142.png,3862,train
WATER/WATER0143.png,3863,train
WATER/WATER0144.png,3864,test
WATER/WATER0145.png,3865,test
WATER/WATER0146.png,3866,train
WATER/WATER0147.png,3867,train
WATER/WATER0148.png,3868,train
WATER/WATER0149.png,3869,test
WATER/WATER0150.png,3870,train
WATER/WATER0151.png,3871,train
WATER/WATER0152.png,3872,val
WATER/WATER0153.png,3873,train
WATER/WATER0154.png,3874,train
WATER/WATER0155.png,3875,val
WATER/WATER0156.png,3774,train
WATER/WATER0157.png,3876,val
WATER/WATER0158.png,3877,train
WATER/WATER0159.png,3878,test
WATER/WATER0160.png,3774,train
WATER/WATER0161.png,3879,train
WATER/WATER0162.png,3880,train
WATER/WATER0163.png,3881,val
WATER/WATER0164.png,3882,test
WATER/WATER0165.png,3883,train
WATER/WATER0166.png,3884,train
WATER/WATER0167.png,3885,train
WATER/WATER0168.png,3886,val
WATER/WATER0169.png,3887,train
WATER/WATER0170.png,3888,train
WATER/WATER0171.png,3889,train
WATER/WATER0172.png,3890,train
WATER/WATER0173.png,3891,val
WATER/WATER0174.png,3892,train
WATER/WATER0175.png,3893,train
WATER/WATER0176.png,3894,val
WATER/WATER0177.png,3895,val
WATER/WATER0178.png,3896,train
WATER/WATER0179.png,3897,train
WATER/WATER0180.png,3898,train
WATER/WATER0181.png,3899,train
WATER/WATER0182.png,3900,train
WATER/WATER0183.png,3901,val
WATER/WATER0184.png,3902,train
WATER/WATER0185.png,3903,test
WATER/WATER0186.png,3904,train
WATER/WATER0187.png,3893,train
WATER/WATER0188.png,3905,train
WATER/WATER0189.png,3906,train
WATER/WATER0190.png,3907,train
WATER/WATER0191.png,3908,train
WATER/WATER0192.png,3909,train
WATER/WATER0193.png,3910,train
WATER/WATER0194.png,3911,train
WATER/WATER0195.png,3912,test
WATER/WATER0196.png,3913,train
WATER/WATER0197.png,3914,train
WATER/WATER0198.png,3915,train
WATER/WATER0199.png,3916,test
WATER/WATER0200.png,3917,train
WATER/WATER0201.png,3918,test
WATER/WATER0202.png,3919,train
WATER/WATER0203.png,3920,val
WATER/WATER0204.png,3921,test
WATER/WATER0205.png,3922,train
WATER/WATER0206.png,3923,test
WATER/WATER0207.png,3924,train
WATER/WATER0208.png,3925,test
WATER/WATER0209.png,3926,train
WATER/WATER0210.png,3927,train
WATER/WATER0211.png,3928,val
WATER/WATER0212.png,3929,test
WATER/WATER0213.png,3930,train
WATER/WATER0214.png,3924,train
WATER/WATER0215.png,3931,test
WATER/WATER0216.png,3932,train
WATER/WATER0217.png,3933,train
WATER/WATER0218.png,3934,val
WATER/WATER0219.png,3923,test
WATER/WATER0220.png,3935,train
WATER/WATER0221.png,3930,train
WATER/WATER0222.png,3936,test
WATER/WATER0223.png,3937,train
WATER/WATER0224.png,3938,test
WATER/WATER0225.png,3939,train
WATER/WATER0226.png,3940,train
WATER/WATER0227.png,3941,train
WATER/WATER0228.png,3942,train
WATER/WATER0229.png,3943,val
WATER/WATER0230.png,3944,train
WATER/WATER0231.png,3945,train
WATER/WATER0232.png,3946,val
WATER/WATER0233.png,3947,train
WATER/WATER0234.png,3948,train
WATER/WATER0235.png,3949,train
WATER/WATER0236.png,3950,train
WATER/WATER0237.png,3951,train
WATER/WATER0238.png,3952,train
WATER/WATER0239.png,3953,val
WATER/WATER0240.png,3954,train
WATER/WATER0241.png,3955,test
WATER/WATER0242.png,3956,train
WATER/WATER0243.png,3957,test
WATER/WATER0244.png,3926,train
WATER/WATER0245.png,3958,train
WATER/WATER0246.png,3959,train
WATER/WATER0247.png,3960,test
WATER/WATER0248.png,3961,train
WATER/WATER0249.png,3962,train
WATER/WATER0250.png,3963,test
WATER/WATER0251.png,3964,val
WATER/WATER0252.png,3965,train
WATER/WATER0253.png,3966,train
WATER/WATER0254.png,3938,test
WATER/WATER0255.png,3967,train
WATER/WATER0256.png,3968,train
WATER/WATER0257.png,3969,test
WATER/WATER0258.png,3970,train
WATER/WATER0259.png,3971,train
WATER/WATER0260.png,3972,val
WATER/WATER0261.png,3973,val
